{"meta": {"format": 3, "version": "7.13.4", "timestamp": "2026-03-13T07:08:12.220789", "branch_coverage": false, "show_contexts": false}, "files": {"backend/core/package_dependency_scanner.py": {"executed_lines": [15, 16, 17, 18, 19, 20, 21, 23, 26, 39, 46, 48, 64, 65, 73, 74, 75, 77, 79, 82, 85, 88, 91, 93, 101, 102, 106, 112, 114, 121, 128, 129, 132, 133, 134, 135, 136, 138, 146, 148, 149, 151, 152, 153, 154, 155, 156, 158, 164, 165, 171, 178, 180, 183, 184, 187, 188, 189, 198, 200, 201, 202, 204, 205, 206, 207, 208, 209, 211, 217, 218, 226, 227, 229, 236, 238, 241, 242, 244, 245, 246, 255, 257, 258, 259, 261, 262, 263, 264, 265, 266, 268, 274, 277, 279, 280, 281, 284, 285, 292, 295, 296, 297, 298, 304, 306], "summary": {"covered_lines": 106, "num_statements": 109, "percent_covered": 97.24770642201835, "percent_covered_display": "97", "missing_lines": 3, "excluded_lines": 0, "percent_statements_covered": 97.24770642201835, "percent_statements_covered_display": "97"}, "missing_lines": [103, 104, 286], "excluded_lines": [], "functions": {"PackageDependencyScanner.__init__": {"executed_lines": [46], "summary": {"covered_lines": 1, "num_statements": 1, "percent_covered": 100.0, "percent_covered_display": "100", "missing_lines": 0, "excluded_lines": 0, "percent_statements_covered": 100.0, "percent_statements_covered_display": "100"}, "missing_lines": [], "excluded_lines": [], "start_line": 39}, "PackageDependencyScanner.scan_packages": {"executed_lines": [64, 65, 73, 74, 75, 77, 79, 82, 85, 88, 91, 93, 101, 102], "summary": {"covered_lines": 14, "num_statements": 16, "percent_covered": 87.5, "percent_covered_display": "88", "missing_lines": 2, "excluded_lines": 0, "percent_statements_covered": 87.5, "percent_statements_covered_display": "88"}, "missing_lines": [103, 104], "excluded_lines": [], "start_line": 48}, "PackageDependencyScanner._build_dependency_tree": {"executed_lines": [112, 114, 121, 128, 129, 132, 133, 134, 135, 136, 138, 146, 148, 149, 151, 152, 153, 154, 155, 156], "summary": {"covered_lines": 20, "num_statements": 20, "percent_covered": 100.0, "percent_covered_display": "100", "missing_lines": 0, "excluded_lines": 0, "percent_statements_covered": 100.0, "percent_statements_covered_display": "100"}, "missing_lines": [], "excluded_lines": [], "start_line": 106}, "PackageDependencyScanner._run_pip_audit": {"executed_lines": [164, 165, 171, 178, 180, 183, 184, 187, 188, 189, 198, 200, 201, 202, 204, 205, 206, 207, 208, 209], "summary": {"covered_lines": 20, "num_statements": 20, "percent_covered": 100.0, "percent_covered_display": "100", "missing_lines": 0, "excluded_lines": 0, "percent_statements_covered": 100.0, "percent_statements_covered_display": "100"}, "missing_lines": [], "excluded_lines": [], "start_line": 158}, "PackageDependencyScanner._run_safety_check": {"executed_lines": [217, 218, 226, 227, 229, 236, 238, 241, 242, 244, 245, 246, 255, 257, 258, 259, 261, 262, 263, 264, 265, 266], "summary": {"covered_lines": 22, "num_statements": 22, "percent_covered": 100.0, "percent_covered_display": "100", "missing_lines": 0, "excluded_lines": 0, "percent_statements_covered": 100.0, "percent_statements_covered_display": "100"}, "missing_lines": [], "excluded_lines": [], "start_line": 211}, "PackageDependencyScanner._check_version_conflicts": {"executed_lines": [274, 277, 279, 280, 281, 284, 285, 292, 295, 296, 297, 298, 304, 306], "summary": {"covered_lines": 14, "num_statements": 15, "percent_covered": 93.33333333333333, "percent_covered_display": "93", "missing_lines": 1, "excluded_lines": 0, "percent_statements_covered": 93.33333333333333, "percent_statements_covered_display": "93"}, "missing_lines": [286], "excluded_lines": [], "start_line": 268}, "": {"executed_lines": [15, 16, 17, 18, 19, 20, 21, 23, 26, 39, 48, 106, 158, 211, 268], "summary": {"covered_lines": 15, "num_statements": 15, "percent_covered": 100.0, "percent_covered_display": "100", "missing_lines": 0, "excluded_lines": 0, "percent_statements_covered": 100.0, "percent_statements_covered_display": "100"}, "missing_lines": [], "excluded_lines": [], "start_line": 1}}, "classes": {"PackageDependencyScanner": {"executed_lines": [46, 64, 65, 73, 74, 75, 77, 79, 82, 85, 88, 91, 93, 101, 102, 112, 114, 121, 128, 129, 132, 133, 134, 135, 136, 138, 146, 148, 149, 151, 152, 153, 154, 155, 156, 164, 165, 171, 178, 180, 183, 184, 187, 188, 189, 198, 200, 201, 202, 204, 205, 206, 207, 208, 209, 217, 218, 226, 227, 229, 236, 238, 241, 242, 244, 245, 246, 255, 257, 258, 259, 261, 262, 263, 264, 265, 266, 274, 277, 279, 280, 281, 284, 285, 292, 295, 296, 297, 298, 304, 306], "summary": {"covered_lines": 91, "num_statements": 94, "percent_covered": 96.80851063829788, "percent_covered_display": "97", "missing_lines": 3, "excluded_lines": 0, "percent_statements_covered": 96.80851063829788, "percent_statements_covered_display": "97"}, "missing_lines": [103, 104, 286], "excluded_lines": [], "start_line": 26}, "": {"executed_lines": [15, 16, 17, 18, 19, 20, 21, 23, 26, 39, 48, 106, 158, 211, 268], "summary": {"covered_lines": 15, "num_statements": 15, "percent_covered": 100.0, "percent_covered_display": "100", "missing_lines": 0, "excluded_lines": 0, "percent_statements_covered": 100.0, "percent_statements_covered_display": "100"}, "missing_lines": [], "excluded_lines": [], "start_line": 1}}}}, "totals": {"covered_lines": 106, "num_statements": 109, "percent_covered": 97.24770642201835, "percent_covered_display": "97", "missing_lines": 3, "excluded_lines": 0, "percent_statements_covered": 97.24770642201835, "percent_statements_covered_display": "97"}}