{
  "phase": "205",
  "line_coverage": 74.69135802469135,
  "lines_covered": 851,
  "total_lines": 1094,
  "branches_covered": 117,
  "total_branches": 202,
  "gap_to_75_percent": 0.308641975308646,
  "gap_to_80_percent": 5.308641975308646,
  "lines_needed_75": -30,
  "lines_needed_80": 24,
  "target_75_achieved": false,
  "target_80_achieved": false
}