{"meta": {"format": 3, "version": "7.13.4", "timestamp": "2026-03-17T08:35:13.432603", "branch_coverage": true, "show_contexts": false}, "files": {"api/health_routes.py": {"executed_lines": [15, 16, 17, 18, 19, 20, 22, 23, 24, 25, 26, 28, 30, 31, 34, 35, 38, 65, 78, 84, 142, 155, 156, 159, 160, 161, 162, 165, 166, 167, 168, 170, 171, 178, 188, 197, 198, 200, 201, 206, 208, 237, 239, 241, 242, 243, 249, 304, 374, 383, 384, 385, 387, 388, 409, 435, 445, 446, 447, 450, 517, 559, 586], "summary": {"covered_lines": 63, "num_statements": 114, "percent_covered": 55.55555555555556, "percent_covered_display": "55.56", "missing_lines": 51, "excluded_lines": 0, "percent_statements_covered": 55.26315789473684, "percent_statements_covered_display": "55.26", "num_branches": 12, "num_partial_branches": 1, "covered_branches": 7, "missing_branches": 5, "percent_branches_covered": 58.333333333333336, "percent_branches_covered_display": "58.33"}, "missing_lines": [214, 215, 216, 221, 222, 223, 228, 229, 230, 244, 245, 246, 317, 319, 321, 324, 325, 327, 330, 338, 349, 350, 351, 353, 355, 356, 357, 370, 371, 394, 395, 400, 401, 402, 536, 538, 539, 540, 542, 543, 544, 546, 547, 548, 553, 556, 600, 601, 604, 607, 609], "excluded_lines": [], "executed_branches": [[161, 162], [161, 165], [167, 168], [167, 170], [170, 171], [170, 178], [387, 388]], "missing_branches": [[349, 350], [349, 353], [387, 394], [546, 547], [546, 553]], "functions": {"liveness_probe": {"executed_lines": [78], "summary": {"covered_lines": 1, "num_statements": 1, "percent_covered": 100.0, "percent_covered_display": "100.00", "missing_lines": 0, "excluded_lines": 0, "percent_statements_covered": 100.0, "percent_statements_covered_display": "100.00", "num_branches": 0, "num_partial_branches": 0, "covered_branches": 0, "missing_branches": 0, "percent_branches_covered": 100.0, "percent_branches_covered_display": "100.00"}, "missing_lines": [], "excluded_lines": [], "start_line": 65, "executed_branches": [], "missing_branches": []}, "readiness_probe": {"executed_lines": [155, 156, 159, 160, 161, 162, 165, 166, 167, 168, 170, 171, 178], "summary": {"covered_lines": 13, "num_statements": 13, "percent_covered": 100.0, "percent_covered_display": "100.00", "missing_lines": 0, "excluded_lines": 0, "percent_statements_covered": 100.0, "percent_statements_covered_display": "100.00", "num_branches": 6, "num_partial_branches": 0, "covered_branches": 6, "missing_branches": 0, "percent_branches_covered": 100.0, "percent_branches_covered_display": "100.00"}, "missing_lines": [], "excluded_lines": [], "start_line": 142, "executed_branches": [[161, 162], [161, 165], [167, 168], [167, 170], [170, 171], [170, 178]], "missing_branches": []}, "_check_database": {"executed_lines": [197, 198, 200, 201, 206, 208], "summary": {"covered_lines": 6, "num_statements": 15, "percent_covered": 40.0, "percent_covered_display": "40.00", "missing_lines": 9, "excluded_lines": 0, "percent_statements_covered": 40.0, "percent_statements_covered_display": "40.00", "num_branches": 0, "num_partial_branches": 0, "covered_branches": 0, "missing_branches": 0, "percent_branches_covered": 100.0, "percent_branches_covered_display": "100.00"}, "missing_lines": [214, 215, 216, 221, 222, 223, 228, 229, 230], "excluded_lines": [], "start_line": 188, "executed_branches": [], "missing_branches": []}, "_execute_db_query": {"executed_lines": [239, 241, 242, 243], "summary": {"covered_lines": 4, "num_statements": 7, "percent_covered": 57.142857142857146, "percent_covered_display": "57.14", "missing_lines": 3, "excluded_lines": 0, "percent_statements_covered": 57.142857142857146, "percent_statements_covered_display": "57.14", "num_branches": 0, "num_partial_branches": 0, "covered_branches": 0, "missing_branches": 0, "percent_branches_covered": 100.0, "percent_branches_covered_display": "100.00"}, "missing_lines": [244, 245, 246], "excluded_lines": [], "start_line": 237, "executed_branches": [], "missing_branches": []}, "check_database_connectivity": {"executed_lines": [], "summary": {"covered_lines": 0, "num_statements": 17, "percent_covered": 0.0, "percent_covered_display": "0.00", "missing_lines": 17, "excluded_lines": 0, "percent_statements_covered": 0.0, "percent_statements_covered_display": "0.00", "num_branches": 2, "num_partial_branches": 0, "covered_branches": 0, "missing_branches": 2, "percent_branches_covered": 0.0, "percent_branches_covered_display": "0.00"}, "missing_lines": [317, 319, 321, 324, 325, 327, 330, 338, 349, 350, 351, 353, 355, 356, 357, 370, 371], "excluded_lines": [], "start_line": 304, "executed_branches": [], "missing_branches": [[349, 350], [349, 353]]}, "_check_disk_space": {"executed_lines": [383, 384, 385, 387, 388], "summary": {"covered_lines": 5, "num_statements": 10, "percent_covered": 50.0, "percent_covered_display": "50.00", "missing_lines": 5, "excluded_lines": 0, "percent_statements_covered": 50.0, "percent_statements_covered_display": "50.00", "num_branches": 2, "num_partial_branches": 1, "covered_branches": 1, "missing_branches": 1, "percent_branches_covered": 50.0, "percent_branches_covered_display": "50.00"}, "missing_lines": [394, 395, 400, 401, 402], "excluded_lines": [], "start_line": 374, "executed_branches": [[387, 388]], "missing_branches": [[387, 394]]}, "prometheus_metrics": {"executed_lines": [445, 446, 447], "summary": {"covered_lines": 3, "num_statements": 3, "percent_covered": 100.0, "percent_covered_display": "100.00", "missing_lines": 0, "excluded_lines": 0, "percent_statements_covered": 100.0, "percent_statements_covered_display": "100.00", "num_branches": 0, "num_partial_branches": 0, "covered_branches": 0, "missing_branches": 0, "percent_branches_covered": 100.0, "percent_branches_covered_display": "100.00"}, "missing_lines": [], "excluded_lines": [], "start_line": 435, "executed_branches": [], "missing_branches": []}, "sync_health_probe": {"executed_lines": [], "summary": {"covered_lines": 0, "num_statements": 12, "percent_covered": 0.0, "percent_covered_display": "0.00", "missing_lines": 12, "excluded_lines": 0, "percent_statements_covered": 0.0, "percent_statements_covered_display": "0.00", "num_branches": 2, "num_partial_branches": 0, "covered_branches": 0, "missing_branches": 2, "percent_branches_covered": 0.0, "percent_branches_covered_display": "0.00"}, "missing_lines": [536, 538, 539, 540, 542, 543, 544, 546, 547, 548, 553, 556], "excluded_lines": [], "start_line": 517, "executed_branches": [], "missing_branches": [[546, 547], [546, 553]]}, "sync_prometheus_metrics": {"executed_lines": [], "summary": {"covered_lines": 0, "num_statements": 5, "percent_covered": 0.0, "percent_covered_display": "0.00", "missing_lines": 5, "excluded_lines": 0, "percent_statements_covered": 0.0, "percent_statements_covered_display": "0.00", "num_branches": 0, "num_partial_branches": 0, "covered_branches": 0, "missing_branches": 0, "percent_branches_covered": 100.0, "percent_branches_covered_display": "100.00"}, "missing_lines": [600, 601, 604, 607, 609], "excluded_lines": [], "start_line": 586, "executed_branches": [], "missing_branches": []}, "": {"executed_lines": [15, 16, 17, 18, 19, 20, 22, 23, 24, 25, 26, 28, 30, 31, 34, 35, 38, 65, 84, 142, 188, 237, 249, 304, 374, 409, 435, 450, 517, 559, 586], "summary": {"covered_lines": 31, "num_statements": 31, "percent_covered": 100.0, "percent_covered_display": "100.00", "missing_lines": 0, "excluded_lines": 0, "percent_statements_covered": 100.0, "percent_statements_covered_display": "100.00", "num_branches": 0, "num_partial_branches": 0, "covered_branches": 0, "missing_branches": 0, "percent_branches_covered": 100.0, "percent_branches_covered_display": "100.00"}, "missing_lines": [], "excluded_lines": [], "start_line": 1, "executed_branches": [], "missing_branches": []}},