{"meta": {"format": 3, "version": "7.13.4", "timestamp": "2026-03-12T12:45:17.860537", "branch_coverage": false, "show_contexts": false}, "files": {"api/auth_routes.py": {"executed_lines": [11, 12, 13, 14, 15, 16, 17, 19, 28, 29, 30, 32, 34, 40, 45, 48, 56, 62, 68, 74, 76, 77, 81, 85, 97, 98, 116, 118, 126, 127, 133, 134, 135, 139, 144, 146, 148, 149, 155, 156, 215, 216, 234, 236, 237, 239, 243, 244, 289, 290, 296, 297, 314, 315, 318, 319, 324, 351, 353, 354, 355, 358, 359, 400, 401], "summary": {"covered_lines": 65, "num_statements": 154, "percent_covered": 42.20779220779221, "percent_covered_display": "42", "missing_lines": 89, "excluded_lines": 0, "percent_statements_covered": 42.20779220779221, "percent_statements_covered_display": "42"}, "missing_lines": [140, 141, 142, 150, 151, 152, 176, 178, 183, 184, 187, 188, 192, 193, 194, 195, 196, 197, 198, 200, 202, 208, 209, 210, 211, 212, 247, 248, 249, 251, 252, 258, 259, 260, 266, 267, 268, 271, 274, 275, 276, 277, 278, 280, 282, 291, 292, 293, 325, 327, 328, 329, 331, 332, 335, 336, 337, 340, 341, 342, 345, 347, 349, 352, 378, 379, 381, 382, 384, 393, 394, 395, 396, 397, 417, 418, 420, 421, 424, 425, 426, 427, 429, 431, 433, 434, 435, 436, 437], "excluded_lines": [], "functions": {"mobile_login": {"executed_lines": [116, 118, 126, 127, 133, 134, 135, 139, 144, 146, 148, 149], "summary": {"covered_lines": 12, "num_statements": 18, "percent_covered": 66.66666666666667, "percent_covered_display": "67", "missing_lines": 6, "excluded_lines": 0, "percent_statements_covered": 66.66666666666667, "percent_statements_covered_display": "67"}, "missing_lines": [140, 141, 142, 150, 151, 152], "excluded_lines": [], "start_line": 98}, "register_biometric": {"executed_lines": [], "summary": {"covered_lines": 0, "num_statements": 20, "percent_covered": 0.0, "percent_covered_display": "0", "missing_lines": 20, "excluded_lines": 0, "percent_statements_covered": 0.0, "percent_statements_covered_display": "0"}, "missing_lines": [176, 178, 183, 184, 187, 188, 192, 193, 194, 195, 196, 197, 198, 200, 202, 208, 209, 210, 211, 212], "excluded_lines": [], "start_line": 156}, "authenticate_with_biometric": {"executed_lines": [234, 236, 237, 239, 243, 244, 289, 290], "summary": {"covered_lines": 8, "num_statements": 30, "percent_covered": 26.666666666666668, "percent_covered_display": "27", "missing_lines": 22, "excluded_lines": 0, "percent_statements_covered": 26.666666666666668, "percent_statements_covered_display": "27"}, "missing_lines": [247, 248, 249, 251, 252, 258, 259, 260, 266, 267, 268, 271, 274, 275, 276, 277, 278, 280, 282, 291, 292, 293], "excluded_lines": [], "start_line": 216}, "refresh_mobile_token": {"executed_lines": [314, 315, 318, 319, 324, 351, 353, 354, 355], "summary": {"covered_lines": 9, "num_statements": 25, "percent_covered": 36.0, "percent_covered_display": "36", "missing_lines": 16, "excluded_lines": 0, "percent_statements_covered": 36.0, "percent_statements_covered_display": "36"}, "missing_lines": [325, 327, 328, 329, 331, 332, 335, 336, 337, 340, 341, 342, 345, 347, 349, 352], "excluded_lines": [], "start_line": 297}, "get_mobile_device_info": {"executed_lines": [], "summary": {"covered_lines": 0, "num_statements": 10, "percent_covered": 0.0, "percent_covered_display": "0", "missing_lines": 10, "excluded_lines": 0, "percent_statements_covered": 0.0, "percent_statements_covered_display": "0"}, "missing_lines": [378, 379, 381, 382, 384, 393, 394, 395, 396, 397], "excluded_lines": [], "start_line": 359}, "delete_mobile_device": {"executed_lines": [], "summary": {"covered_lines": 0, "num_statements": 15, "percent_covered": 0.0, "percent_covered_display": "0", "missing_lines": 15, "excluded_lines": 0, "percent_statements_covered": 0.0, "percent_statements_covered_display": "0"}, "missing_lines": [417, 418, 420, 421, 424, 425, 426, 427, 429, 431, 433, 434, 435, 436, 437], "excluded_lines": [], "start_line": 401}, "": {"executed_lines": [11, 12, 13, 14, 15, 16, 17, 19, 28, 29, 30, 32, 34, 40, 45, 48, 56, 62, 68, 74, 76, 77, 81, 85, 97, 98, 155, 156, 215, 216, 296, 297, 358, 359, 400, 401], "summary": {"covered_lines": 36, "num_statements": 36, "percent_covered": 100.0, "percent_covered_display": "100", "missing_lines": 0, "excluded_lines": 0, "percent_statements_covered": 100.0, "percent_statements_covered_display": "100"}, "missing_lines": [], "excluded_lines": [], "start_line": 1}}, "classes": {"MobileLoginRequest": {"executed_lines": [], "summary": {"covered_lines": 0, "num_statements": 0, "percent_covered": 100.0, "percent_covered_display": "100", "missing_lines": 0, "excluded_lines": 0, "percent_statements_covered": 100.0, "percent_statements_covered_display": "100"}, "missing_lines": [], "excluded_lines": [], "start_line": 40}, "MobileLoginResponse": {"executed_lines": [], "summary": {"covered_lines": 0, "num_statements": 0, "percent_covered": 100.0, "percent_covered_display": "100", "missing_lines": 0, "excluded_lines": 0, "percent_statements_covered": 100.0, "percent_statements_covered_display": "100"}, "missing_lines": [], "excluded_lines": [], "start_line": 48}, "BiometricRegisterRequest": {"executed_lines": [], "summary": {"covered_lines": 0, "num_statements": 0, "percent_covered": 100.0, "percent_covered_display": "100", "missing_lines": 0, "excluded_lines": 0, "percent_statements_covered": 100.0, "percent_statements_covered_display": "100"}, "missing_lines": [], "excluded_lines": [], "start_line": 56}, "BiometricRegisterResponse": {"executed_lines": [], "summary": {"covered_lines": 0, "num_statements": 0, "percent_covered": 100.0, "percent_covered_display": "100", "missing_lines": 0, "excluded_lines": 0, "percent_statements_covered": 100.0, "percent_statements_covered_display": "100"}, "missing_lines": [], "excluded_lines": [], "start_line": 62}, "BiometricAuthRequest": {"executed_lines": [], "summary": {"covered_lines": 0, "num_statements": 0, "percent_covered": 100.0, "percent_covered_display": "100", "missing_lines": 0, "excluded_lines": 0, "percent_statements_covered": 100.0, "percent_statements_covered_display": "100"}, "missing_lines": [], "excluded_lines": [], "start_line": 68}, "BiometricAuthResponse": {"executed_lines": [], "summary": {"covered_lines": 0, "num_statements": 0, "percent_covered": 100.0, "percent_covered_display": "100", "missing_lines": 0, "excluded_lines": 0, "percent_statements_covered": 100.0, "percent_statements_covered_display": "100"}, "missing_lines": [], "excluded_lines": [], "start_line": 74}, "RefreshTokenRequest": {"executed_lines": [], "summary": {"covered_lines": 0, "num_statements": 0, "percent_covered": 100.0, "percent_covered_display": "100", "missing_lines": 0, "excluded_lines": 0, "percent_statements_covered": 100.0, "percent_statements_covered_display": "100"}, "missing_lines": [], "excluded_lines": [], "start_line": 81}, "DeviceInfoResponse": {"executed_lines": [], "summary": {"covered_lines": 0, "num_statements": 0, "percent_covered": 100.0, "percent_covered_display": "100", "missing_lines": 0, "excluded_lines": 0, "percent_statements_covered": 100.0, "percent_statements_covered_display": "100"}, "missing_lines": [], "excluded_lines": [], "start_line": 85}, "": {"executed_lines": [11, 12, 13, 14, 15, 16, 17, 19, 28, 29, 30, 32, 34, 40, 45, 48, 56, 62, 68, 74, 76, 77, 81, 85, 97, 98, 116, 118, 126, 127, 133, 134, 135, 139, 144, 146, 148, 149, 155, 156, 215, 216, 234, 236, 237, 239, 243, 244, 289, 290, 296, 297, 314, 315, 318, 319, 324, 351, 353, 354, 355, 358, 359, 400, 401], "summary": {"covered_lines": 65, "num_statements": 154, "percent_covered": 42.20779220779221, "percent_covered_display": "42", "missing_lines": 89, "excluded_lines": 0, "percent_statements_covered": 42.20779220779221, "percent_statements_covered_display": "42"},