{"meta": {"format": 3, "version": "7.13.4", "timestamp": "2026-03-17T19:00:52.178622", "branch_coverage": true, "show_contexts": false}, "files": {"core/apar_engine.py": {"executed_lines": [6, 7, 8, 9, 10, 11, 13, 14, 20, 21, 23, 25, 26, 27, 28, 29, 30, 31, 33, 34, 35, 36, 38, 39, 46, 47, 48, 49, 50, 52, 53, 60, 61, 62, 63, 64, 66, 73, 75, 76, 77, 78, 82, 87, 90, 101, 102, 103, 104, 106, 108, 109, 111, 113, 114, 115, 117, 118, 119, 121, 123, 125, 127, 128, 135, 139, 141, 151, 152, 154, 156, 157, 158, 160, 161, 163, 165, 166, 167, 169, 170, 174, 176, 177, 179, 180, 181, 182, 184, 186, 188, 189, 191, 193, 194, 195, 197, 198, 199, 200, 201, 202, 203, 204, 205, 206, 207, 209, 211, 212, 215, 216, 301, 306, 307, 308, 311, 312, 313, 314, 315, 316, 317, 318, 320, 321, 322, 324, 325, 327, 337, 339, 343, 345, 353], "summary": {"covered_lines": 135, "num_statements": 177, "percent_covered": 77.07317073170732, "percent_covered_display": "77.07", "missing_lines": 42, "excluded_lines": 0, "percent_statements_covered": 76.27118644067797, "percent_statements_covered_display": "76.27", "num_branches": 28, "num_partial_branches": 3, "covered_branches": 23, "missing_branches": 5, "percent_branches_covered": 82.14285714285714, "percent_branches_covered_display": "82.14"}, "missing_lines": [15, 16, 17, 18, 19, 213, 218, 219, 221, 222, 225, 226, 227, 230, 231, 232, 233, 234, 237, 238, 240, 248, 249, 256, 257, 258, 259, 262, 264, 265, 266, 267, 270, 273, 274, 288, 289, 292, 295, 296, 297, 299], "excluded_lines": [], "executed_branches": [[101, 102], [101, 106], [114, 115], [114, 117], [157, 158], [157, 160], [166, 167], [166, 169], [179, 180], [179, 184], [180, 181], [194, 195], [194, 197], [204, 205], [204, 206], [212, 215], [215, 216], [307, 308], [307, 311], [311, 312], [311, 315], [315, 316], [315, 320]], "missing_branches": [[180, 179], [212, 213], [215, 218], [264, 265], [264, 270]], "functions": {"APAREngine.__init__": {"executed_lines": [76, 77, 78], "summary": {"covered_lines": 3, "num_statements": 3, "percent_covered": 100.0, "percent_covered_display": "100.00", "missing_lines": 0, "excluded_lines": 0, "percent_statements_covered": 100.0, "percent_statements_covered_display": "100.00", "num_branches": 0, "num_partial_branches": 0, "covered_branches": 0, "missing_branches": 0, "percent_branches_covered": 100.0, "percent_branches_covered_display": "100.00"}, "missing_lines": [], "excluded_lines": [], "start_line": 75, "executed_branches": [], "missing_branches": []}, "APAREngine.intake_invoice": {"executed_lines": [87, 90, 101, 102, 103, 104, 106, 108, 109], "summary": {"covered_lines": 9, "num_statements": 9, "percent_covered": 100.0, "percent_covered_display": "100.00", "missing_lines": 0, "excluded_lines": 0, "percent_statements_covered": 100.0, "percent_statements_covered_display": "100.00", "num_branches": 2, "num_partial_branches": 0, "covered_branches": 2, "missing_branches": 0, "percent_branches_covered": 100.0, "percent_branches_covered_display": "100.00"}, "missing_lines": [], "excluded_lines": [], "start_line": 82, "executed_branches": [[101, 102], [101, 106]], "missing_branches": []}, "APAREngine.approve_invoice": {"executed_lines": [113, 114, 115, 117, 118, 119], "summary": {"covered_lines": 6, "num_statements": 6, "percent_covered": 100.0, "percent_covered_display": "100.00", "missing_lines": 0, "excluded_lines": 0, "percent_statements_covered": 100.0, "percent_statements_covered_display": "100.00", "num_branches": 2, "num_partial_branches": 0, "covered_branches": 2, "missing_branches": 0, "percent_branches_covered": 100.0, "percent_branches_covered_display": "100.00"}, "missing_lines": [], "excluded_lines": [], "start_line": 111, "executed_branches": [[114, 115], [114, 117]], "missing_branches": []}, "APAREngine.get_pending_approvals": {"executed_lines": [123], "summary": {"covered_lines": 1, "num_statements": 1, "percent_covered": 100.0, "percent_covered_display": "100.00", "missing_lines": 0, "excluded_lines": 0, "percent_statements_covered": 100.0, "percent_statements_covered_display": "100.00", "num_branches": 0, "num_partial_branches": 0, "covered_branches": 0, "missing_branches": 0, "percent_branches_covered": 100.0, "percent_branches_covered_display": "100.00"}, "missing_lines": [], "excluded_lines": [], "start_line": 121, "executed_branches": [], "missing_branches": []}, "APAREngine.get_upcoming_payments": {"executed_lines": [127, 128], "summary": {"covered_lines": 2, "num_statements": 2, "percent_covered": 100.0, "percent_covered_display": "100.00", "missing_lines": 0, "excluded_lines": 0, "percent_statements_covered": 100.0, "percent_statements_covered_display": "100.00", "num_branches": 0, "num_partial_branches": 0, "covered_branches": 0, "missing_branches": 0, "percent_branches_covered": 100.0, "percent_branches_covered_display": "100.00"}, "missing_lines": [], "excluded_lines": [], "start_line": 125, "executed_branches": [], "missing_branches": []}, "APAREngine.generate_invoice": {"executed_lines": [139, 141, 151, 152], "summary": {"covered_lines": 4, "num_statements": 4, "percent_covered": 100.0, "percent_covered_display": "100.00", "missing_lines": 0, "excluded_lines": 0, "percent_statements_covered": 100.0, "percent_statements_covered_display": "100.00", "num_branches": 0, "num_partial_branches": 0, "covered_branches": 0, "missing_branches": 0, "percent_branches_covered": 100.0, "percent_branches_covered_display": "100.00"}, "missing_lines": [], "excluded_lines": [], "start_line": 135, "executed_branches": [], "missing_branches": []}, "APAREngine.send_invoice": {"executed_lines": [156, 157, 158, 160, 161], "summary": {"covered_lines": 5, "num_statements": 5, "percent_covered": 100.0, "percent_covered_display": "100.00", "missing_lines": 0, "excluded_lines": 0, "percent_statements_covered": 100.0, "percent_statements_covered_display": "100.00", "num_branches": 2, "num_partial_branches": 0, "covered_branches": 2, "missing_branches": 0, "percent_branches_covered": 100.0, "percent_branches_covered_display": "100.00"}, "missing_lines": [], "excluded_lines": [], "start_line": 154, "executed_branches": [[157, 158], [157, 160]], "missing_branches": []}, "APAREngine.mark_paid": {"executed_lines": [165, 166, 167, 169, 170], "summary": {"covered_lines": 5, "num_statements": 5, "percent_covered": 100.0, "percent_covered_display": "100.00", "missing_lines": 0, "excluded_lines": 0, "percent_statements_covered": 100.0, "percent_statements_covered_display": "100.00", "num_branches": 2, "num_partial_branches": 0, "covered_branches": 2, "missing_branches": 0, "percent_branches_covered": 100.0, "percent_branches_covered_display": "100.00"}, "missing_lines": [], "excluded_lines": [], "start_line": 163, "executed_branches": [[166, 167], [166, 169]], "missing_branches": []}, "APAREngine.get_overdue_invoices": {"executed_lines": [176, 177, 179, 180, 181, 182, 184], "summary": {"covered_lines": 7, "num_statements": 7, "percent_covered": 90.9090909090909, "percent_covered_display": "90.91", "missing_lines": 0, "excluded_lines": 0, "percent_statements_covered": 100.0, "percent_statements_covered_display": "100.00", "num_branches": 4, "num_partial_branches": 1, "covered_branches": 3, "missing_branches": 1, "percent_branches_covered": 75.0, "percent_branches_covered_display": "75.00"}, "missing_lines": [], "excluded_lines": [], "start_line": 174, "executed_branches": [[179, 180], [179, 184], [180, 181]], "missing_branches": [[180, 179]]}, "APAREngine.get_all_invoices": {"executed_lines": [188, 189], "summary": {"covered_lines": 2, "num_statements": 2, "percent_covered": 100.0, "percent_covered_display": "100.00", "missing_lines": 0, "excluded_lines": 0, "percent_statements_covered": 100.0, "percent_statements_covered_display": "100.00", "num_branches": 0, "num_partial_branches": 0, "covered_branches": 0, "missing_branches": 0, "percent_branches_covered": 100.0, "percent_branches_covered_display": "100.00"}, "missing_lines": [], "excluded_lines": [],