{"meta": {"format": 3, "version": "7.10.6", "timestamp": "2026-04-24T19:22:27.899385", "branch_coverage": false, "show_contexts": false}, "files": {"core/workflow_analytics_endpoints.py": {"executed_lines": [1, 6, 7, 8, 9, 10, 11, 12, 14, 15, 16, 18, 26, 27, 30, 33, 34, 35, 36, 37, 38, 40, 41, 42, 43, 44, 45, 46, 47, 48, 49, 51, 52, 53, 54, 55, 56, 58, 59, 60, 61, 62, 63, 64, 65, 66, 69, 71, 89, 90, 111, 112, 136, 137, 164, 165, 190, 191, 194, 195, 200, 209, 210, 212, 213, 215, 224, 225, 319, 320, 339, 340, 360, 361, 363, 364, 376, 386, 387, 402, 403, 405, 406, 407, 412, 414, 415, 420, 421, 423, 424, 425, 427, 428, 430, 437, 438, 443, 444, 470, 471, 512, 513, 559, 560, 613, 720, 721, 777, 778, 839, 840, 861, 862], "summary": {"covered_lines": 113, "num_statements": 333, "percent_covered": 33.933933933933936, "percent_covered_display": "34", "missing_lines": 220, "excluded_lines": 0}, "missing_lines": [94, 95, 102, 107, 108, 109, 117, 118, 127, 132, 133, 134, 143, 144, 155, 160, 161, 162, 170, 171, 180, 185, 186, 187, 205, 206, 207, 220, 221, 222, 230, 231, 232, 233, 235, 238, 244, 245, 248, 254, 255, 256, 257, 260, 261, 262, 263, 264, 266, 267, 268, 271, 274, 298, 299, 300, 301, 302, 303, 304, 305, 306, 308, 310, 315, 316, 317, 324, 326, 335, 336, 337, 344, 346, 355, 356, 357, 382, 383, 384, 391, 393, 398, 399, 400, 416, 417, 418, 439, 440, 441, 446, 447, 448, 450, 453, 454, 455, 456, 458, 463, 464, 465, 466, 467, 477, 478, 480, 482, 487, 489, 507, 508, 509, 519, 521, 523, 532, 533, 534, 536, 538, 553, 554, 555, 556, 565, 566, 571, 572, 575, 576, 577, 588, 589, 591, 606, 607, 608, 609, 610, 617, 618, 620, 621, 623, 624, 626, 630, 631, 632, 633, 635, 644, 646, 648, 649, 653, 669, 673, 687, 689, 690, 692, 696, 712, 713, 715, 716, 717, 726, 728, 732, 733, 741, 742, 743, 744, 746, 747, 748, 750, 753, 754, 755, 756, 758, 772, 773, 774, 780, 782, 783, 785, 789, 790, 791, 794, 799, 800, 801, 802, 804, 805, 806, 807, 809, 834, 835, 836, 844, 846, 857, 858, 859, 864, 865, 873, 874, 875], "excluded_lines": [], "functions": {"serialize_alert": {"executed_lines": [71], "summary": {"covered_lines": 1, "num_statements": 1, "percent_covered": 100.0, "percent_covered_display": "100", "missing_lines": 0, "excluded_lines": 0}, "missing_lines": [], "excluded_lines": []}, "track_workflow_start": {"executed_lines": [], "summary": {"covered_lines": 0, "num_statements": 6, "percent_covered": 0.0, "percent_covered_display": "0", "missing_lines": 6, "excluded_lines": 0}, "missing_lines": [94, 95, 102, 107, 108, 109], "excluded_lines": []}, "track_workflow_completion": {"executed_lines": [], "summary": {"covered_lines": 0, "num_statements": 6, "percent_covered": 0.0, "percent_covered_display": "0", "missing_lines": 6, "excluded_lines": 0}, "missing_lines": [117, 118, 127, 132, 133, 134], "excluded_lines": []}, "track_step_execution": {"executed_lines": [], "summary": {"covered_lines": 0, "num_statements": 6, "percent_covered": 0.0, "percent_covered_display": "0", "missing_lines": 6, "excluded_lines": 0}, "missing_lines": [143, 144, 155, 160, 161, 162], "excluded_lines": []}, "track_resource_usage": {"executed_lines": [], "summary": {"covered_lines": 0, "num_statements": 6, "percent_covered": 0.0, "percent_covered_display": "0", "missing_lines": 6, "excluded_lines": 0}, "missing_lines": [170, 171, 180, 185, 186, 187], "excluded_lines": []}, "get_workflow_performance": {"executed_lines": [194, 195, 200], "summary": {"covered_lines": 3, "num_statements": 6, "percent_covered": 50.0, "percent_covered_display": "50", "missing_lines": 3, "excluded_lines": 0}, "missing_lines": [205, 206, 207], "excluded_lines": []}, "get_system_overview": {"executed_lines": [212, 213, 215], "summary": {"covered_lines": 3, "num_statements": 6, "percent_covered": 50.0, "percent_covered_display": "50", "missing_lines": 3, "excluded_lines": 0}, "missing_lines": [220, 221, 222], "excluded_lines": []}, "get_workflow_metrics": {"executed_lines": [], "summary": {"covered_lines": 0, "num_statements": 37, "percent_covered": 0.0, "percent_covered_display": "0", "missing_lines": 37, "excluded_lines": 0}, "missing_lines": [230, 231, 232, 233, 235, 238, 244, 245, 248, 254, 255, 256, 257, 260, 261, 262, 263, 264, 266, 267, 268, 271, 274, 298, 299, 300, 301, 302, 303, 304, 305, 306, 308, 310, 315, 316, 317], "excluded_lines": []}, "get_workflow_timeline": {"executed_lines": [], "summary": {"covered_lines": 0, "num_statements": 5, "percent_covered": 0.0, "percent_covered_display": "0", "missing_lines": 5, "excluded_lines": 0}, "missing_lines": [324, 326, 335, 336, 337], "excluded_lines": []}, "get_top_performing_workflows": {"executed_lines": [], "summary": {"covered_lines": 0, "num_statements": 5, "percent_covered": 0.0, "percent_covered_display": "0", "missing_lines": 5, "excluded_lines": 0}, "missing_lines": [344, 346, 355, 356, 357], "excluded_lines": []}, "create_alert": {"executed_lines": [363, 364, 376], "summary": {"covered_lines": 3, "num_statements": 6, "percent_covered": 50.0, "percent_covered_display": "50", "missing_lines": 3, "excluded_lines": 0}, "missing_lines": [382, 383, 384], "excluded_lines": []}, "list_alerts": {"executed_lines": [], "summary": {"covered_lines": 0, "num_statements": 5, "percent_covered": 0.0, "percent_covered_display": "0", "missing_lines": 5, "excluded_lines": 0}, "missing_lines": [391, 393, 398, 399, 400], "excluded_lines": []}, "get_alert": {"executed_lines": [405, 406, 407, 412, 414, 415], "summary": {"covered_lines": 6, "num_statements": 9, "percent_covered": 66.66666666666667, "percent_covered_display": "67", "missing_lines": 3, "excluded_lines": 0}, "missing_lines": [416, 417, 418], "excluded_lines": []}, "toggle_alert": {"executed_lines": [423, 424, 425, 427, 428, 430, 437, 438], "summary": {"covered_lines": 8, "num_statements": 11, "percent_covered": 72.72727272727273, "percent_covered_display": "73", "missing_lines": 3, "excluded_lines": 0}, "missing_lines": [439, 440, 441], "excluded_lines": []}, "delete_alert": {"executed_lines": [], "summary": {"covered_lines": 0, "num_statements": 14, "percent_covered": 0.0, "percent_covered_display": "0", "missing_lines": 14, "excluded_lines": 0}, "missing_lines": [446, 447, 448, 450, 453, 454, 455, 456, 458, 463, 464, 465, 466, 467], "excluded_lines": []}, "list_dashboards": {"executed_lines": [], "summary": {"covered_lines": 0, "num_statements": 9, "percent_covered": 0.0, "percent_covered_display": "0", "missing_lines": 9, "excluded_lines": 0}, "missing_lines": [477, 478, 480, 482, 487, 489, 507, 508, 509], "excluded_lines": []}, "create_dashboard": {"executed_lines": [], "summary": {"covered_lines": 0, "num_statements": 12, "percent_covered": 0.0, "percent_covered_display": "0", "missing_lines": 12, "excluded_lines": 0}, "missing_lines": [519, 521, 523, 532, 533, 534, 536, 538, 553, 554, 555, 556], "excluded_lines": []}, "get_dashboard": {"executed_lines": [], "summary": {"covered_lines": 0, "num_statements": 15, "percent_covered": 0.0, "percent_covered_display": "0", "missing_lines": 15, "excluded_lines": 0}, "missing_lines": [565, 566, 571, 572, 575, 576, 577, 588, 589, 591, 606, 607, 608, 609, 610], "excluded_lines": []}, "_fetch_widget_data": {"executed_lines": [], "summary": {"covered_lines": 0, "num_statements": 29, "percent_covered": 0.0, "percent_covered_display": "0", "missing_lines": 29, "excluded_lines": 0}, "missing_lines": [617, 618, 620, 621, 623, 624, 626, 630, 631, 632, 633, 635, 644, 646, 648, 649, 653, 669, 673, 687, 689, 690, 692, 696, 712, 713, 715, 716, 717], "excluded_lines": []}, "get_workflow_live_status": {"executed_lines": [], "summary": {"covered_lines": 0, "num_statements": 20, "percent_covered": 0.0, "percent_covered_display": "0", "missing_lines": 20, "excluded_lines": 0}, "missing_lines": [726, 728, 732, 733, 741, 742, 743, 744, 746, 747, 748, 750, 753, 754, 755, 756, 758, 772, 773, 774], "excluded_lines": []}, "get_system_health": {"executed_lines": [], "summary": {"covered_lines": 0,