{"meta": {"format": 3, "version": "7.13.4", "timestamp": "2026-03-17T12:10:38.329892", "branch_coverage": true, "show_contexts": false}, "files": {"core/local_ocr_service.py": {"executed_lines": [14, 15, 16, 17, 18, 19, 20, 21, 23, 24, 27, 28, 29, 32, 33, 38, 39, 42, 43, 47, 48, 51, 52, 53, 58, 61, 62, 66, 68, 70, 71, 73, 76, 83, 85, 107, 114, 115, 117, 118, 121, 122, 124, 127, 129, 130, 131, 132, 135, 136, 137, 139, 147, 148, 187, 225, 231, 232, 247, 253, 254, 287], "summary": {"covered_lines": 62, "num_statements": 164, "percent_covered": 36.111111111111114, "percent_covered_display": "36.11", "missing_lines": 102, "excluded_lines": 2, "percent_statements_covered": 37.80487804878049, "percent_statements_covered_display": "37.80", "num_branches": 52, "num_partial_branches": 8, "covered_branches": 16, "missing_branches": 36, "percent_branches_covered": 30.76923076923077, "percent_branches_covered_display": "30.77"}, "missing_lines": [36, 37, 44, 45, 46, 54, 55, 72, 74, 123, 125, 133, 150, 152, 153, 154, 156, 157, 159, 160, 161, 162, 163, 164, 170, 171, 172, 173, 175, 184, 185, 189, 192, 193, 194, 196, 197, 198, 199, 201, 202, 203, 206, 207, 208, 210, 211, 212, 213, 214, 215, 216, 218, 219, 220, 222, 223, 234, 236, 237, 239, 257, 258, 259, 260, 262, 264, 265, 267, 270, 271, 272, 273, 275, 277, 289, 290, 293, 296, 297, 298, 299, 302, 304, 306, 308, 309, 310, 312, 313, 314, 316, 317, 322, 323, 329, 331, 333, 334, 335, 338, 339], "excluded_lines": [342, 343], "executed_branches": [[71, 73], [73, 76], [114, 115], [114, 117], [117, 118], [117, 121], [121, 122], [121, 129], [122, 124], [124, 127], [130, 131], [130, 132], [132, 135], [147, 148], [231, 232], [253, 254]], "missing_branches": [[71, 72], [73, 74], [122, 123], [124, 125], [132, 133], [147, 150], [153, 154], [153, 156], [159, 160], [159, 175], [161, 162], [161, 170], [196, 197], [196, 201], [210, 211], [210, 218], [211, 212], [211, 213], [231, 234], [253, 257], [257, 258], [257, 262], [271, 272], [271, 275], [272, 271], [272, 273], [308, 309], [308, 312], [312, 313], [312, 333], [316, 317], [316, 322], [322, 323], [322, 329], [333, 334], [333, 338]], "functions": {"LocalOCRService.__init__": {"executed_lines": [62, 66], "summary": {"covered_lines": 2, "num_statements": 2, "percent_covered": 100.0, "percent_covered_display": "100.00", "missing_lines": 0, "excluded_lines": 0, "percent_statements_covered": 100.0, "percent_statements_covered_display": "100.00", "num_branches": 0, "num_partial_branches": 0, "covered_branches": 0, "missing_branches": 0, "percent_branches_covered": 100.0, "percent_branches_covered_display": "100.00"}, "missing_lines": [], "excluded_lines": [], "start_line": 61, "executed_branches": [], "missing_branches": []}, "LocalOCRService.get_status": {"executed_lines": [70, 71, 73, 76], "summary": {"covered_lines": 4, "num_statements": 6, "percent_covered": 60.0, "percent_covered_display": "60.00", "missing_lines": 2, "excluded_lines": 0, "percent_statements_covered": 66.66666666666667, "percent_statements_covered_display": "66.67", "num_branches": 4, "num_partial_branches": 2, "covered_branches": 2, "missing_branches": 2, "percent_branches_covered": 50.0, "percent_branches_covered_display": "50.00"}, "missing_lines": [72, 74], "excluded_lines": [], "start_line": 68, "executed_branches": [[71, 73], [73, 76]], "missing_branches": [[71, 72], [73, 74]]}, "LocalOCRService.get_installation_guide": {"executed_lines": [85], "summary": {"covered_lines": 1, "num_statements": 1, "percent_covered": 100.0, "percent_covered_display": "100.00", "missing_lines": 0, "excluded_lines": 0, "percent_statements_covered": 100.0, "percent_statements_covered_display": "100.00", "num_branches": 0, "num_partial_branches": 0, "covered_branches": 0, "missing_branches": 0, "percent_branches_covered": 100.0, "percent_branches_covered_display": "100.00"}, "missing_lines": [], "excluded_lines": [], "start_line": 83, "executed_branches": [], "missing_branches": []}, "LocalOCRService.process_image": {"executed_lines": [114, 115, 117, 118, 121, 122, 124, 127, 129, 130, 131, 132, 135, 136, 137], "summary": {"covered_lines": 15, "num_statements": 18, "percent_covered": 81.25, "percent_covered_display": "81.25", "missing_lines": 3, "excluded_lines": 0, "percent_statements_covered": 83.33333333333333, "percent_statements_covered_display": "83.33", "num_branches": 14, "num_partial_branches": 3, "covered_branches": 11, "missing_branches": 3, "percent_branches_covered": 78.57142857142857, "percent_branches_covered_display": "78.57"}, "missing_lines": [123, 125, 133], "excluded_lines": [], "start_line": 107, "executed_branches": [[114, 115], [114, 117], [117, 118], [117, 121], [121, 122], [121, 129], [122, 124], [124, 127], [130, 131], [130, 132], [132, 135]], "missing_branches": [[122, 123], [124, 125], [132, 133]]}, "LocalOCRService.process_pdf": {"executed_lines": [147, 148], "summary": {"covered_lines": 2, "num_statements": 21, "percent_covered": 10.344827586206897, "percent_covered_display": "10.34", "missing_lines": 19, "excluded_lines": 0, "percent_statements_covered": 9.523809523809524, "percent_statements_covered_display": "9.52", "num_branches": 8, "num_partial_branches": 1, "covered_branches": 1, "missing_branches": 7, "percent_branches_covered": 12.5, "percent_branches_covered_display": "12.50"}, "missing_lines": [150, 152, 153, 154, 156, 157, 159, 160, 161, 162, 163, 164, 170, 171, 172, 173, 175, 184, 185], "excluded_lines": [], "start_line": 139, "executed_branches": [[147, 148]], "missing_branches": [[147, 150], [153, 154], [153, 156], [159, 160], [159, 175], [161, 162], [161, 170]]}, "LocalOCRService._pdf_to_images": {"executed_lines": [], "summary": {"covered_lines": 0, "num_statements": 26, "percent_covered": 0.0, "percent_covered_display": "0.00", "missing_lines": 26, "excluded_lines": 0, "percent_statements_covered": 0.0, "percent_statements_covered_display": "0.00", "num_branches": 6, "num_partial_branches": 0, "covered_branches": 0, "missing_branches": 6, "percent_branches_covered": 0.0, "percent_branches_covered_display": "0.00"}, "missing_lines": [189, 192, 193, 194, 196, 197, 198, 199, 201, 202, 203, 206, 207, 208, 210, 211, 212, 213, 214, 215, 216, 218, 219, 220, 222, 223], "excluded_lines": [], "start_line": 187, "executed_branches": [], "missing_branches": [[196, 197], [196, 201], [210, 211], [210, 218], [211, 212], [211, 213]]}, "LocalOCRService._ocr_tesseract": {"executed_lines": [231, 232], "summary": {"covered_lines": 2, "num_statements": 6, "percent_covered": 37.5, "percent_covered_display": "37.50", "missing_lines": 4, "excluded_lines": 0, "percent_statements_covered": 33.333333333333336, "percent_statements_covered_display": "33.33", "num_branches": 2, "num_partial_branches": 1, "covered_branches": 1, "missing_branches": 1, "percent_branches_covered": 50.0, "percent_branches_covered_display": "50.00"}, "missing_lines": [234, 236, 237, 239], "excluded_lines": [], "start_line": 225, "executed_branches": [[231, 232]], "missing_branches": [[231, 234]]}, "LocalOCRService._ocr_surya": {"executed_lines": [253, 254], "summary": {"covered_lines": 2, "num_statements": 16, "percent_covered": 12.5, "percent_covered_display": "12.50", "missing_lines": 14, "excluded_lines": 0, "percent_statements_covered": 12.5, "percent_statements_covered_display": "12.50", "num_branches": 8, "num_partial_branches": 1, "covered_branches": 1, "missing_branches": 7, "percent_branches_covered": 12.5, "percent_branches_covered_display": "12.50"}, "missing_lines": [257, 258, 259, 260, 262, 264, 265, 267, 270, 271, 272, 273, 275, 277], "excluded_lines": [], "start_line": 247, "executed_branches": [[253, 254]], "missing_branches": [[253, 257], [257, 258], [257, 262], [271, 272], [271, 275], [272, 271], [272, 273]]}, "main": {"executed_lines": [], "summary": {"covered_lines": 0, "num_statements": 27, "percent_covered": 0.0, "percent_covered_display": "0.00", "missing_lines": 27, "excluded_lines": 0,