{"meta": {"format": 3, "version": "7.10.6", "timestamp": "2026-03-02T18:25:29.289420", "branch_coverage": false, "show_contexts": false}, "files": {"backend/core/agent_world_model.py": {"executed_lines": [1, 2, 3, 4, 5, 6, 8, 9, 10, 12, 14, 15, 18, 19, 20, 21, 22, 23, 24, 25, 26, 29, 30, 33, 34, 35, 36, 39, 40, 41, 43, 44, 48, 49, 50, 51, 52, 53, 54, 55, 56, 58, 59, 65, 79, 120, 182, 241, 296, 352, 385, 416, 444, 495, 531, 543, 560, 606, 837], "summary": {"covered_lines": 57, "num_statements": 332, "percent_covered": 17.16867469879518, "percent_covered_display": "17", "missing_lines": 275, "excluded_lines": 0}, "missing_lines": [60, 61, 62, 63, 67, 68, 70, 72, 73, 75, 76, 77, 85, 92, 111, 149, 156, 171, 173, 197, 200, 206, 207, 208, 211, 213, 215, 216, 217, 218, 221, 223, 231, 232, 234, 235, 237, 238, 239, 250, 252, 258, 259, 260, 263, 264, 267, 269, 270, 271, 274, 282, 287, 289, 290, 292, 293, 294, 304, 305, 311, 312, 313, 314, 315, 317, 318, 321, 322, 323, 324, 326, 327, 328, 329, 330, 331, 333, 334, 335, 337, 348, 349, 350, 356, 363, 376, 387, 388, 394, 395, 396, 397, 398, 400, 402, 409, 410, 411, 412, 413, 414, 418, 419, 425, 426, 427, 428, 439, 440, 441, 442, 461, 463, 469, 470, 471, 474, 475, 476, 477, 479, 490, 491, 492, 493, 505, 506, 512, 513, 514, 515, 526, 527, 528, 529, 541, 553, 554, 555, 556, 557, 565, 566, 567, 572, 573, 574, 577, 578, 586, 594, 598, 600, 601, 602, 603, 604, 622, 628, 629, 631, 632, 633, 634, 637, 638, 640, 645, 646, 649, 650, 652, 668, 669, 673, 681, 682, 683, 684, 685, 686, 690, 691, 692, 693, 696, 702, 715, 718, 719, 720, 721, 722, 727, 729, 730, 739, 740, 741, 742, 745, 746, 747, 750, 754, 762, 763, 764, 765, 768, 771, 772, 773, 774, 776, 777, 778, 783, 787, 788, 789, 790, 791, 792, 795, 796, 797, 798, 801, 802, 805, 806, 807, 808, 811, 812, 815, 822, 824, 825, 827, 856, 868, 869, 870, 871, 873, 874, 875, 877, 878, 881, 885, 886, 890, 891, 892, 893, 894, 895, 898, 900, 906, 907, 909, 911, 912, 920, 921, 923, 924, 926, 927, 929], "excluded_lines": [], "functions": {"WorldModelService.__init__": {"executed_lines": [], "summary": {"covered_lines": 0, "num_statements": 4, "percent_covered": 0.0, "percent_covered_display": "0", "missing_lines": 4, "excluded_lines": 0}, "missing_lines": [60, 61, 62, 63], "excluded_lines": []}, "WorldModelService._ensure_tables": {"executed_lines": [], "summary": {"covered_lines": 0, "num_statements": 8, "percent_covered": 0.0, "percent_covered_display": "0", "missing_lines": 8, "excluded_lines": 0}, "missing_lines": [67, 68, 70, 72, 73, 75, 76, 77], "excluded_lines": []}, "WorldModelService.record_experience": {"executed_lines": [], "summary": {"covered_lines": 0, "num_statements": 3, "percent_covered": 0.0, "percent_covered_display": "0", "missing_lines": 3, "excluded_lines": 0}, "missing_lines": [85, 92, 111], "excluded_lines": []}, "WorldModelService.record_formula_usage": {"executed_lines": [], "summary": {"covered_lines": 0, "num_statements": 4, "percent_covered": 0.0, "percent_covered_display": "0", "missing_lines": 4, "excluded_lines": 0}, "missing_lines": [149, 156, 171, 173], "excluded_lines": []}, "WorldModelService.update_experience_feedback": {"executed_lines": [], "summary": {"covered_lines": 0, "num_statements": 20, "percent_covered": 0.0, "percent_covered_display": "0", "missing_lines": 20, "excluded_lines": 0}, "missing_lines": [197, 200, 206, 207, 208, 211, 213, 215, 216, 217, 218, 221, 223, 231, 232, 234, 235, 237, 238, 239], "excluded_lines": []}, "WorldModelService.boost_experience_confidence": {"executed_lines": [], "summary": {"covered_lines": 0, "num_statements": 19, "percent_covered": 0.0, "percent_covered_display": "0", "missing_lines": 19, "excluded_lines": 0}, "missing_lines": [250, 252, 258, 259, 260, 263, 264, 267, 269, 270, 271, 274, 282, 287, 289, 290, 292, 293, 294], "excluded_lines": []}, "WorldModelService.get_experience_statistics": {"executed_lines": [], "summary": {"covered_lines": 0, "num_statements": 26, "percent_covered": 0.0, "percent_covered_display": "0", "missing_lines": 26, "excluded_lines": 0}, "missing_lines": [304, 305, 311, 312, 313, 314, 315, 317, 318, 321, 322, 323, 324, 326, 327, 328, 329, 330, 331, 333, 334, 335, 337, 348, 349, 350], "excluded_lines": []}, "WorldModelService.record_business_fact": {"executed_lines": [], "summary": {"covered_lines": 0, "num_statements": 3, "percent_covered": 0.0, "percent_covered_display": "0", "missing_lines": 3, "excluded_lines": 0}, "missing_lines": [356, 363, 376], "excluded_lines": []}, "WorldModelService.update_fact_verification": {"executed_lines": [], "summary": {"covered_lines": 0, "num_statements": 15, "percent_covered": 0.0, "percent_covered_display": "0", "missing_lines": 15, "excluded_lines": 0}, "missing_lines": [387, 388, 394, 395, 396, 397, 398, 400, 402, 409, 410, 411, 412, 413, 414], "excluded_lines": []}, "WorldModelService.get_relevant_business_facts": {"executed_lines": [], "summary": {"covered_lines": 0, "num_statements": 10, "percent_covered": 0.0, "percent_covered_display": "0", "missing_lines": 10, "excluded_lines": 0}, "missing_lines": [418, 419, 425, 426, 427, 428, 439, 440, 441, 442], "excluded_lines": []}, "WorldModelService.list_all_facts": {"executed_lines": [], "summary": {"covered_lines": 0, "num_statements": 14, "percent_covered": 0.0, "percent_covered_display": "0", "missing_lines": 14, "excluded_lines": 0}, "missing_lines": [461, 463, 469, 470, 471, 474, 475, 476, 477, 479, 490, 491, 492, 493], "excluded_lines": []}, "WorldModelService.get_fact_by_id": {"executed_lines": [], "summary": {"covered_lines": 0, "num_statements": 10, "percent_covered": 0.0, "percent_covered_display": "0", "missing_lines": 10, "excluded_lines": 0}, "missing_lines": [505, 506, 512, 513, 514, 515, 526, 527, 528, 529], "excluded_lines": []}, "WorldModelService.delete_fact": {"executed_lines": [], "summary": {"covered_lines": 0, "num_statements": 1, "percent_covered": 0.0, "percent_covered_display": "0", "missing_lines": 1, "excluded_lines": 0}, "missing_lines": [541], "excluded_lines": []}, "WorldModelService.bulk_record_facts": {"executed_lines": [], "summary": {"covered_lines": 0, "num_statements": 5, "percent_covered": 0.0, "percent_covered_display": "0", "missing_lines": 5, "excluded_lines": 0}, "missing_lines": [553, 554, 555, 556, 557], "excluded_lines": []}, "WorldModelService.archive_session_to_cold_storage": {"executed_lines": [], "summary": {"covered_lines": 0, "num_statements": 16, "percent_covered": 0.0, "percent_covered_display": "0", "missing_lines": 16, "excluded_lines": 0}, "missing_lines": [565, 566, 567, 572, 573, 574, 577, 578, 586, 594, 598, 600, 601, 602, 603, 604], "excluded_lines": []}, "WorldModelService.recall_experiences": {"executed_lines": [], "summary": {"covered_lines": 0, "num_statements": 84, "percent_covered": 0.0, "percent_covered_display": "0", "missing_lines": 84, "excluded_lines": 0}, "missing_lines": [622, 628, 629, 631, 632, 633, 634, 637, 638, 640, 645, 646, 649, 650, 652, 668, 669, 673, 681, 682, 683, 684, 685, 686, 690, 691, 692, 693, 696, 702, 715, 718, 719, 720, 721, 722, 727, 729, 730, 739, 740, 741, 742, 745, 746, 747, 750, 754, 762, 763, 764, 765, 768, 771, 772, 773, 774, 776, 777, 778, 783, 787, 788, 789, 790, 791, 792, 795, 796, 797, 798, 801, 802, 805, 806, 807, 808, 811, 812, 815, 822, 824, 825, 827], "excluded_lines": []}, "WorldModelService._extract_canvas_insights": {"executed_lines": [], "summary": {"covered_lines": 0, "num_statements": 33, "percent_covered": 0.0, "percent_covered_display": "0", "missing_lines": 33, "excluded_lines": 0}, "missing_lines": [856, 868, 869, 870, 871, 873, 874, 875, 877, 878, 881, 885, 886, 890, 891, 892, 893, 894, 895, 898, 900, 906, 907, 909, 911, 912, 920, 921, 923, 924, 926, 927, 929], "excluded_lines": []},