{"meta": {"format": 3, "version": "7.13.4", "timestamp": "2026-03-12T19:31:44.069594", "branch_coverage": false, "show_contexts": false}, "files": {"api/deeplinks.py": {"executed_lines": [14, 15, 16, 17, 18, 19, 20, 21, 23, 24, 25, 32, 34, 36, 38, 42, 44, 45, 46, 49, 52, 53, 54, 55, 56, 57, 58, 59, 62, 64, 65, 66, 69, 77, 95, 107, 108, 128, 129, 135, 137, 144, 145, 148, 159, 164, 166, 167, 168, 169, 170, 171, 174, 175, 200, 203, 204, 205, 206, 207, 208, 211, 214, 217, 237, 239, 242, 243, 259, 260, 266, 268, 269, 270, 278, 284, 291, 293, 295, 298, 299, 300, 303, 304, 325, 328, 332, 337, 338, 339, 342, 345, 346, 347, 348, 351, 354, 367, 373, 374, 377, 380, 381, 385, 389, 400, 402], "summary": {"covered_lines": 107, "num_statements": 109, "percent_covered": 98.1651376146789, "percent_covered_display": "98", "missing_lines": 2, "excluded_lines": 0, "percent_statements_covered": 98.1651376146789, "percent_statements_covered_display": "98"}, "missing_lines": [296, 297], "excluded_lines": [], "functions": {"execute_deeplink_endpoint": {"executed_lines": [128, 129, 135, 137, 144, 145, 148, 159, 164, 166, 167, 168, 169, 170, 171], "summary": {"covered_lines": 15, "num_statements": 15, "percent_covered": 100.0, "percent_covered_display": "100", "missing_lines": 0, "excluded_lines": 0, "percent_statements_covered": 100.0, "percent_statements_covered_display": "100"}, "missing_lines": [], "excluded_lines": [], "start_line": 108}, "get_deeplink_audit": {"executed_lines": [200, 203, 204, 205, 206, 207, 208, 211, 214, 217, 237, 239], "summary": {"covered_lines": 12, "num_statements": 12, "percent_covered": 100.0, "percent_covered_display": "100", "missing_lines": 0, "excluded_lines": 0, "percent_statements_covered": 100.0, "percent_statements_covered_display": "100"}, "missing_lines": [], "excluded_lines": [], "start_line": 175}, "generate_deeplink_endpoint": {"executed_lines": [259, 260, 266, 268, 269, 270, 278, 284, 291, 293, 295, 298, 299, 300], "summary": {"covered_lines": 14, "num_statements": 16, "percent_covered": 87.5, "percent_covered_display": "88", "missing_lines": 2, "excluded_lines": 0, "percent_statements_covered": 87.5, "percent_statements_covered_display": "88"}, "missing_lines": [296, 297], "excluded_lines": [], "start_line": 243}, "get_deeplink_stats": {"executed_lines": [325, 328, 332, 337, 338, 339, 342, 345, 346, 347, 348, 351, 354, 367, 373, 374, 377, 380, 381, 385, 389, 400, 402], "summary": {"covered_lines": 23, "num_statements": 23, "percent_covered": 100.0, "percent_covered_display": "100", "missing_lines": 0, "excluded_lines": 0, "percent_statements_covered": 100.0, "percent_statements_covered_display": "100"}, "missing_lines": [], "excluded_lines": [], "start_line": 304}, "": {"executed_lines": [14, 15, 16, 17, 18, 19, 20, 21, 23, 24, 25, 32, 34, 36, 38, 42, 44, 45, 46, 49, 52, 53, 54, 55, 56, 57, 58, 59, 62, 64, 65, 66, 69, 77, 95, 107, 108, 174, 175, 242, 243, 303, 304], "summary": {"covered_lines": 43, "num_statements": 43, "percent_covered": 100.0, "percent_covered_display": "100", "missing_lines": 0, "excluded_lines": 0, "percent_statements_covered": 100.0, "percent_statements_covered_display": "100"}, "missing_lines": [], "excluded_lines": [], "start_line": 1}}, "classes": {"DeepLinkExecuteRequest": {"executed_lines": [], "summary": {"covered_lines": 0, "num_statements": 0, "percent_covered": 100.0, "percent_covered_display": "100", "missing_lines": 0, "excluded_lines": 0, "percent_statements_covered": 100.0, "percent_statements_covered_display": "100"}, "missing_lines": [], "excluded_lines": [], "start_line": 42}, "DeepLinkExecuteResponse": {"executed_lines": [], "summary": {"covered_lines": 0, "num_statements": 0, "percent_covered": 100.0, "percent_covered_display": "100", "missing_lines": 0, "excluded_lines": 0, "percent_statements_covered": 100.0, "percent_statements_covered_display": "100"}, "missing_lines": [], "excluded_lines": [], "start_line": 49}, "DeepLinkGenerateRequest": {"executed_lines": [], "summary": {"covered_lines": 0, "num_statements": 0, "percent_covered": 100.0, "percent_covered_display": "100", "missing_lines": 0, "excluded_lines": 0, "percent_statements_covered": 100.0, "percent_statements_covered_display": "100"}, "missing_lines": [], "excluded_lines": [], "start_line": 62}, "DeepLinkGenerateResponse": {"executed_lines": [], "summary": {"covered_lines": 0, "num_statements": 0, "percent_covered": 100.0, "percent_covered_display": "100", "missing_lines": 0, "excluded_lines": 0, "percent_statements_covered": 100.0, "percent_statements_covered_display": "100"}, "missing_lines": [], "excluded_lines": [], "start_line": 69}, "DeepLinkAuditResponse": {"executed_lines": [], "summary": {"covered_lines": 0, "num_statements": 0, "percent_covered": 100.0, "percent_covered_display": "100", "missing_lines": 0, "excluded_lines": 0, "percent_statements_covered": 100.0, "percent_statements_covered_display": "100"}, "missing_lines": [], "excluded_lines": [], "start_line": 77}, "DeepLinkStatsResponse": {"executed_lines": [], "summary": {"covered_lines": 0, "num_statements": 0, "percent_covered": 100.0, "percent_covered_display": "100", "missing_lines": 0, "excluded_lines": 0, "percent_statements_covered": 100.0, "percent_statements_covered_display": "100"}, "missing_lines": [], "excluded_lines": [], "start_line": 95}, "": {"executed_lines": [14, 15, 16, 17, 18, 19, 20, 21, 23, 24, 25, 32, 34, 36, 38, 42, 44, 45, 46, 49, 52, 53, 54, 55, 56, 57, 58, 59, 62, 64, 65, 66, 69, 77, 95, 107, 108, 128, 129, 135, 137, 144, 145, 148, 159, 164, 166, 167, 168, 169, 170, 171, 174, 175, 200, 203, 204, 205, 206, 207, 208, 211, 214, 217, 237, 239, 242, 243, 259, 260, 266, 268, 269, 270, 278, 284, 291, 293, 295, 298, 299, 300, 303, 304, 325, 328, 332, 337, 338, 339, 342, 345, 346, 347, 348, 351, 354, 367, 373, 374, 377, 380, 381, 385, 389, 400, 402], "summary": {"covered_lines": 107, "num_statements": 109, "percent_covered": 98.1651376146789, "percent_covered_display": "98", "missing_lines": 2, "excluded_lines": 0, "percent_statements_covered": 98.1651376146789, "percent_statements_covered_display": "98"}, "missing_lines": [296, 297], "excluded_lines": [], "start_line": 1}}}}, "totals": {"covered_lines": 107, "num_statements": 109, "percent_covered": 98.1651376146789, "percent_covered_display": "98", "missing_lines": 2, "excluded_lines": 0, "percent_statements_covered": 98.1651376146789, "percent_statements_covered_display": "98"}}