{"meta": {"format": 3, "version": "7.13.4", "timestamp": "2026-03-15T16:55:59.133605", "branch_coverage": false, "show_contexts": false}, "files": {"core/llm/byok_handler.py": {"executed_lines": [1, 2, 3, 4, 5, 6, 7, 8, 9, 10, 13, 14, 19, 20, 22, 23, 24, 27, 28, 29, 30, 35, 36, 40, 41, 42, 43, 44, 46, 49, 51, 52, 53, 54, 58, 72, 113, 118, 127, 135, 141, 152, 161, 162, 163, 164, 167, 168, 171, 174, 177, 178, 183, 185, 230, 232, 237, 246, 248, 250, 267, 268, 269, 289, 318, 338, 390, 415, 611, 857, 1038, 1250, 1254, 1290, 1299, 1314, 1322, 1385, 1524, 1545], "summary": {"covered_lines": 80, "num_statements": 641, "percent_covered": 12.480499219968799, "percent_covered_display": "12", "missing_lines": 561, "excluded_lines": 0, "percent_statements_covered": 12.480499219968799, "percent_statements_covered_display": "12"}, "missing_lines": [15, 16, 17, 21, 175, 179, 180, 181, 203, 205, 206, 209, 212, 215, 216, 219, 220, 221, 224, 225, 226, 228, 233, 234, 251, 252, 253, 257, 258, 262, 263, 264, 270, 271, 272, 276, 277, 282, 283, 284, 285, 286, 287, 294, 295, 296, 297, 299, 300, 301, 304, 313, 314, 315, 316, 323, 324, 327, 329, 330, 333, 334, 335, 336, 344, 345, 347, 348, 349, 350, 351, 352, 356, 365, 366, 368, 369, 370, 373, 374, 375, 376, 377, 381, 382, 383, 384, 385, 386, 388, 401, 405, 406, 409, 410, 411, 413, 455, 458, 459, 462, 468, 472, 473, 474, 476, 482, 484, 485, 488, 489, 492, 493, 494, 497, 498, 499, 502, 503, 504, 510, 511, 514, 519, 523, 525, 534, 537, 539, 540, 541, 544, 547, 548, 550, 552, 553, 554, 556, 557, 558, 560, 561, 564, 565, 566, 567, 568, 569, 571, 573, 574, 575, 576, 578, 580, 582, 583, 585, 587, 588, 590, 593, 595, 596, 598, 600, 601, 603, 604, 605, 606, 607, 609, 627, 628, 629, 630, 631, 634, 635, 636, 638, 641, 642, 643, 644, 646, 647, 648, 649, 651, 652, 655, 658, 661, 666, 667, 668, 669, 670, 673, 674, 675, 676, 679, 682, 687, 690, 696, 698, 700, 701, 702, 707, 708, 714, 716, 717, 720, 722, 724, 725, 726, 727, 730, 731, 732, 733, 734, 736, 737, 738, 740, 741, 743, 744, 746, 747, 748, 749, 752, 753, 755, 757, 766, 767, 769, 772, 778, 781, 782, 783, 784, 787, 788, 789, 790, 793, 794, 797, 798, 800, 801, 803, 805, 817, 818, 819, 823, 824, 825, 828, 829, 831, 832, 834, 837, 838, 839, 840, 843, 844, 846, 847, 848, 849, 851, 853, 854, 855, 903, 906, 909, 910, 911, 912, 919, 920, 922, 926, 927, 928, 934, 935, 936, 938, 939, 941, 951, 955, 957, 968, 972, 973, 976, 980, 981, 983, 993, 995, 997, 1001, 1002, 1005, 1006, 1009, 1013, 1015, 1021, 1024, 1025, 1032, 1066, 1067, 1068, 1070, 1071, 1072, 1074, 1076, 1077, 1078, 1081, 1082, 1083, 1084, 1086, 1087, 1088, 1089, 1090, 1091, 1094, 1095, 1097, 1098, 1099, 1100, 1101, 1102, 1103, 1106, 1107, 1108, 1111, 1114, 1117, 1119, 1125, 1126, 1127, 1128, 1129, 1134, 1135, 1141, 1142, 1145, 1146, 1147, 1148, 1149, 1150, 1152, 1153, 1155, 1156, 1158, 1159, 1161, 1162, 1163, 1165, 1166, 1169, 1170, 1171, 1172, 1175, 1178, 1179, 1181, 1183, 1192, 1193, 1195, 1197, 1206, 1208, 1209, 1210, 1212, 1213, 1214, 1216, 1217, 1218, 1220, 1221, 1222, 1233, 1234, 1236, 1237, 1238, 1239, 1240, 1242, 1243, 1245, 1246, 1247, 1252, 1256, 1257, 1258, 1261, 1262, 1263, 1264, 1265, 1266, 1268, 1269, 1270, 1271, 1272, 1273, 1275, 1283, 1284, 1292, 1293, 1294, 1295, 1296, 1297, 1301, 1302, 1303, 1304, 1305, 1307, 1316, 1317, 1318, 1319, 1320, 1321, 1330, 1331, 1332, 1334, 1335, 1336, 1339, 1340, 1342, 1343, 1344, 1346, 1348, 1373, 1379, 1380, 1381, 1382, 1383, 1412, 1413, 1416, 1418, 1419, 1422, 1423, 1425, 1428, 1430, 1431, 1432, 1434, 1435, 1436, 1438, 1440, 1442, 1443, 1450, 1451, 1452, 1454, 1457, 1465, 1466, 1467, 1468, 1469, 1470, 1471, 1474, 1475, 1476, 1477, 1478, 1479, 1482, 1483, 1485, 1486, 1487, 1490, 1492, 1493, 1494, 1497, 1498, 1499, 1502, 1505, 1507, 1508, 1509, 1510, 1511, 1512, 1515, 1516, 1518, 1519, 1522, 1543, 1550, 1551, 1552, 1553, 1554, 1555, 1556, 1557, 1558], "excluded_lines": [], "functions": {"BYOKHandler.__init__": {"executed_lines": [161, 162, 163, 164, 167, 168, 171, 174, 177, 178, 183], "summary": {"covered_lines": 11, "num_statements": 15, "percent_covered": 73.33333333333333, "percent_covered_display": "73", "missing_lines": 4, "excluded_lines": 0, "percent_statements_covered": 73.33333333333333, "percent_statements_covered_display": "73"}, "missing_lines": [175, 179, 180, 181], "excluded_lines": [], "start_line": 152}, "BYOKHandler._get_provider_fallback_order": {"executed_lines": [], "summary": {"covered_lines": 0, "num_statements": 14, "percent_covered": 0.0, "percent_covered_display": "0", "missing_lines": 14, "excluded_lines": 0, "percent_statements_covered": 0.0, "percent_statements_covered_display": "0"}, "missing_lines": [203, 205, 206, 209, 212, 215, 216, 219, 220, 221, 224, 225, 226, 228], "excluded_lines": [], "start_line": 185}, "BYOKHandler._initialize_clients": {"executed_lines": [232, 237, 246, 248, 250, 267, 268, 269], "summary": {"covered_lines": 8, "num_statements": 29, "percent_covered": 27.586206896551722, "percent_covered_display": "28", "missing_lines": 21, "excluded_lines": 0, "percent_statements_covered": 27.586206896551722, "percent_statements_covered_display": "28"}, "missing_lines": [233, 234, 251, 252, 253, 257, 258, 262, 263, 264, 270, 271, 272, 276, 277, 282, 283, 284, 285, 286, 287], "excluded_lines": [], "start_line": 230}, "BYOKHandler.get_context_window": {"executed_lines": [], "summary": {"covered_lines": 0, "num_statements": 12, "percent_covered": 0.0, "percent_covered_display": "0", "missing_lines": 12, "excluded_lines": 0, "percent_statements_covered": 0.0, "percent_statements_covered_display": "0"}, "missing_lines": [294, 295, 296, 297, 299, 300, 301, 304, 313, 314, 315, 316], "excluded_lines": [], "start_line": 289}, "BYOKHandler.truncate_to_context": {"executed_lines": [], "summary": {"covered_lines": 0, "num_statements": 9, "percent_covered": 0.0, "percent_covered_display": "0", "missing_lines": 9, "excluded_lines": 0, "percent_statements_covered": 0.0, "percent_statements_covered_display": "0"}, "missing_lines": [323, 324, 327, 329, 330, 333, 334, 335, 336], "excluded_lines": [], "start_line": 318}, "BYOKHandler.analyze_query_complexity": {"executed_lines": [], "summary": {"covered_lines": 0, "num_statements": 26, "percent_covered": 0.0, "percent_covered_display": "0", "missing_lines": 26, "excluded_lines": 0, "percent_statements_covered": 0.0, "percent_statements_covered_display": "0"}, "missing_lines": [344, 345, 347, 348, 349, 350, 351, 352, 356, 365, 366, 368, 369, 370, 373, 374, 375, 376, 377, 381, 382, 383, 384, 385, 386, 388], "excluded_lines": [], "start_line": 338}, "BYOKHandler.get_optimal_provider": {"executed_lines": [], "summary": {"covered_lines": 0, "num_statements": 7, "percent_covered": 0.0, "percent_covered_display": "0", "missing_lines": 7, "excluded_lines": 0, "percent_statements_covered": 0.0, "percent_statements_covered_display": "0"}, "missing_lines": [401, 405, 406, 409, 410, 411, 413], "excluded_lines": [], "start_line": 390}, "BYOKHandler.get_ranked_providers": {"executed_lines": [], "summary": {"covered_lines": 0, "num_statements": 71, "percent_covered": 0.0, "percent_covered_display": "0", "missing_lines": 71, "excluded_lines": 0, "percent_statements_covered": 0.0, "percent_statements_covered_display": "0"}, "missing_lines": [455, 458, 459, 462, 468, 472, 473, 474, 476, 482, 484, 485, 488, 489, 492, 493, 494, 497, 498, 499, 502, 503, 504, 510, 511, 514, 519, 523, 525, 534, 537, 539, 552, 553, 554, 556, 557, 558, 560, 561, 564, 565, 566, 567, 568, 569, 571, 573, 574, 575, 576, 578, 580, 582, 583, 585, 587, 588, 590, 593, 595, 596, 598, 600, 601, 603, 604, 605, 606, 607, 609], "excluded_lines": [], "start_line": 415}, "BYOKHandler.get_ranked_providers.is_model_approved": {"executed_lines": [], "summary": {"covered_lines": 0, "num_statements": 6, "percent_covered": 0.0, "percent_covered_display": "0", "missing_lines": 6, "excluded_lines": 0, "percent_statements_covered": 0.0,