{"meta": {"format": 3, "version": "7.13.4", "timestamp": "2026-03-15T16:24:22.095181", "branch_coverage": false, "show_contexts": false}, "files": {"api/admin/business_facts_routes.py": {"executed_lines": [8, 9, 10, 11, 12, 13, 14, 15, 16, 18, 19, 20, 21, 22, 23, 24, 26, 28, 31, 40, 43, 45, 46, 47, 50, 51, 52, 53, 54, 55, 58, 66, 67, 78, 80, 81, 83, 98, 99, 107, 108, 110, 111, 112, 114, 125, 126, 134, 135, 137, 149, 150, 151, 153, 164, 165, 174, 175, 177, 178, 179, 182, 183, 186, 187, 198, 201, 212, 213, 221, 222, 224, 225, 226, 228, 231, 232, 241, 244, 245, 246, 247, 253, 254, 256, 257, 258, 259, 262, 263, 264, 268, 269, 272, 273, 279, 280, 282, 284, 286, 297, 300, 302, 304, 323, 324, 325, 329, 330, 331, 336, 337, 345, 346, 348, 349, 350, 352, 353, 355, 356, 358, 359, 362, 363, 367, 368, 369, 370, 382, 383, 384, 385, 386, 387, 389, 395, 396, 397, 400, 401, 403], "summary": {"covered_lines": 142, "num_statements": 149, "percent_covered": 95.30201342281879, "percent_covered_display": "95", "missing_lines": 7, "excluded_lines": 0, "percent_statements_covered": 95.30201342281879, "percent_statements_covered_display": "95"}, "missing_lines": [332, 333, 374, 375, 376, 377, 378], "excluded_lines": [], "functions": {"list_facts": {"executed_lines": [78, 80, 81, 83], "summary": {"covered_lines": 4, "num_statements": 4, "percent_covered": 100.0, "percent_covered_display": "100", "missing_lines": 0, "excluded_lines": 0, "percent_statements_covered": 100.0, "percent_statements_covered_display": "100"}, "missing_lines": [], "excluded_lines": [], "start_line": 67}, "get_fact": {"executed_lines": [107, 108, 110, 111, 112, 114], "summary": {"covered_lines": 6, "num_statements": 6, "percent_covered": 100.0, "percent_covered_display": "100", "missing_lines": 0, "excluded_lines": 0, "percent_statements_covered": 100.0, "percent_statements_covered_display": "100"}, "missing_lines": [], "excluded_lines": [], "start_line": 99}, "create_fact": {"executed_lines": [134, 135, 137, 149, 150, 151, 153], "summary": {"covered_lines": 7, "num_statements": 7, "percent_covered": 100.0, "percent_covered_display": "100", "missing_lines": 0, "excluded_lines": 0, "percent_statements_covered": 100.0, "percent_statements_covered_display": "100"}, "missing_lines": [], "excluded_lines": [], "start_line": 126}, "update_fact": {"executed_lines": [174, 175, 177, 178, 179, 182, 183, 186, 187, 198, 201], "summary": {"covered_lines": 11, "num_statements": 11, "percent_covered": 100.0, "percent_covered_display": "100", "missing_lines": 0, "excluded_lines": 0, "percent_statements_covered": 100.0, "percent_statements_covered_display": "100"}, "missing_lines": [], "excluded_lines": [], "start_line": 165}, "delete_fact": {"executed_lines": [221, 222, 224, 225, 226, 228], "summary": {"covered_lines": 6, "num_statements": 6, "percent_covered": 100.0, "percent_covered_display": "100", "missing_lines": 0, "excluded_lines": 0, "percent_statements_covered": 100.0, "percent_statements_covered_display": "100"}, "missing_lines": [], "excluded_lines": [], "start_line": 213}, "upload_and_extract": {"executed_lines": [241, 244, 245, 246, 247, 253, 254, 256, 257, 258, 259, 262, 263, 264, 268, 269, 272, 273, 279, 280, 282, 284, 286, 297, 300, 302, 304, 323, 324, 325, 329, 330, 331], "summary": {"covered_lines": 33, "num_statements": 35, "percent_covered": 94.28571428571429, "percent_covered_display": "94", "missing_lines": 2, "excluded_lines": 0, "percent_statements_covered": 94.28571428571429, "percent_statements_covered_display": "94"}, "missing_lines": [332, 333], "excluded_lines": [], "start_line": 232}, "verify_citation": {"executed_lines": [345, 346, 348, 349, 350, 352, 353, 355, 356, 358, 359, 362, 363, 367, 368, 369, 370, 382, 383, 384, 385, 386, 387, 389, 395, 396, 397, 400, 401, 403], "summary": {"covered_lines": 30, "num_statements": 35, "percent_covered": 85.71428571428571, "percent_covered_display": "86", "missing_lines": 5, "excluded_lines": 0, "percent_statements_covered": 85.71428571428571, "percent_statements_covered_display": "86"}, "missing_lines": [374, 375, 376, 377, 378], "excluded_lines": [], "start_line": 337}, "": {"executed_lines": [8, 9, 10, 11, 12, 13, 14, 15, 16, 18, 19, 20, 21, 22, 23, 24, 26, 28, 31, 40, 43, 45, 46, 47, 50, 51, 52, 53, 54, 55, 58, 66, 67, 98, 99, 125, 126, 164, 165, 212, 213, 231, 232, 336, 337], "summary": {"covered_lines": 45, "num_statements": 45, "percent_covered": 100.0, "percent_covered_display": "100", "missing_lines": 0, "excluded_lines": 0, "percent_statements_covered": 100.0, "percent_statements_covered_display": "100"}, "missing_lines": [], "excluded_lines": [], "start_line": 1}}, "classes": {"FactResponse": {"executed_lines": [], "summary": {"covered_lines": 0, "num_statements": 0, "percent_covered": 100.0, "percent_covered_display": "100", "missing_lines": 0, "excluded_lines": 0, "percent_statements_covered": 100.0, "percent_statements_covered_display": "100"}, "missing_lines": [], "excluded_lines": [], "start_line": 31}, "FactCreateRequest": {"executed_lines": [], "summary": {"covered_lines": 0, "num_statements": 0, "percent_covered": 100.0, "percent_covered_display": "100", "missing_lines": 0, "excluded_lines": 0, "percent_statements_covered": 100.0, "percent_statements_covered_display": "100"}, "missing_lines": [], "excluded_lines": [], "start_line": 43}, "FactUpdateRequest": {"executed_lines": [], "summary": {"covered_lines": 0, "num_statements": 0, "percent_covered": 100.0, "percent_covered_display": "100", "missing_lines": 0, "excluded_lines": 0, "percent_statements_covered": 100.0, "percent_statements_covered_display": "100"}, "missing_lines": [], "excluded_lines": [], "start_line": 50}, "ExtractionResponse": {"executed_lines": [], "summary": {"covered_lines": 0, "num_statements": 0, "percent_covered": 100.0, "percent_covered_display": "100", "missing_lines": 0, "excluded_lines": 0, "percent_statements_covered": 100.0, "percent_statements_covered_display": "100"}, "missing_lines": [], "excluded_lines": [], "start_line": 58}, "": {"executed_lines": [8, 9, 10, 11, 12, 13, 14, 15, 16, 18, 19, 20, 21, 22, 23, 24, 26, 28, 31, 40, 43, 45, 46, 47, 50, 51, 52, 53, 54, 55, 58, 66, 67, 78, 80, 81, 83, 98, 99, 107, 108, 110, 111, 112, 114, 125, 126, 134, 135, 137, 149, 150, 151, 153, 164, 165, 174, 175, 177, 178, 179, 182, 183, 186, 187, 198, 201, 212, 213, 221, 222, 224, 225, 226, 228, 231, 232, 241, 244, 245, 246, 247, 253, 254, 256, 257, 258, 259, 262, 263, 264, 268, 269, 272, 273, 279, 280, 282, 284, 286, 297, 300, 302, 304, 323, 324, 325, 329, 330, 331, 336, 337, 345, 346, 348, 349, 350, 352, 353, 355, 356, 358, 359, 362, 363, 367, 368, 369, 370, 382, 383, 384, 385, 386, 387, 389, 395, 396, 397, 400, 401, 403], "summary": {"covered_lines": 142, "num_statements": 149, "percent_covered": 95.30201342281879, "percent_covered_display": "95", "missing_lines": 7, "excluded_lines": 0, "percent_statements_covered": 95.30201342281879, "percent_statements_covered_display": "95"}, "missing_lines": [332, 333, 374, 375, 376, 377, 378], "excluded_lines": [], "start_line": 1}}}}, "totals": {"covered_lines": 142, "num_statements": 149, "percent_covered": 95.30201342281879, "percent_covered_display": "95", "missing_lines": 7, "excluded_lines": 0, "percent_statements_covered": 95.30201342281879, "percent_statements_covered_display": "95"}}