{"meta": {"format": 3, "version": "7.13.4", "timestamp": "2026-03-15T18:37:58.543817", "branch_coverage": false, "show_contexts": false}, "files": {"api/document_ingestion_routes.py": {"executed_lines": [6, 7, 8, 9, 10, 12, 13, 14, 16, 18, 23, 30, 31, 33, 36, 37, 38, 39, 40, 41, 42, 45, 54, 57, 61, 62, 63, 64, 65, 68, 77, 83, 84, 101, 102, 129, 130, 166, 167, 195, 196, 221, 222, 230, 231, 232, 251, 252, 253, 256, 257, 261, 297, 298, 304, 305, 306, 307, 311, 316, 318, 341, 342, 347, 354, 355, 356, 370, 371, 376, 378, 380, 385, 388, 389, 397, 398, 399, 400, 402, 404, 405, 407, 425, 426, 427, 429, 439, 440, 441, 452, 453], "summary": {"covered_lines": 92, "num_statements": 185, "percent_covered": 49.729729729729726, "percent_covered_display": "50", "missing_lines": 93, "excluded_lines": 0, "percent_statements_covered": 49.729729729729726, "percent_statements_covered_display": "50"}, "missing_lines": [78, 91, 92, 93, 94, 95, 96, 97, 98, 109, 110, 111, 112, 114, 124, 125, 126, 138, 139, 140, 142, 153, 161, 162, 163, 176, 177, 178, 179, 181, 190, 191, 192, 205, 206, 207, 208, 210, 216, 217, 218, 233, 235, 308, 309, 312, 313, 314, 357, 358, 359, 364, 365, 366, 367, 377, 379, 381, 382, 383, 414, 461, 462, 463, 464, 467, 468, 470, 471, 472, 473, 474, 475, 476, 479, 480, 482, 483, 485, 486, 489, 490, 493, 494, 496, 504, 505, 507, 516, 517, 518, 519, 520], "excluded_lines": [], "functions": {"get_workspace_id": {"executed_lines": [], "summary": {"covered_lines": 0, "num_statements": 1, "percent_covered": 0.0, "percent_covered_display": "0", "missing_lines": 1, "excluded_lines": 0, "percent_statements_covered": 0.0, "percent_statements_covered_display": "0"}, "missing_lines": [78], "excluded_lines": [], "start_line": 77}, "get_all_ingestion_settings": {"executed_lines": [], "summary": {"covered_lines": 0, "num_statements": 8, "percent_covered": 0.0, "percent_covered_display": "0", "missing_lines": 8, "excluded_lines": 0, "percent_statements_covered": 0.0, "percent_statements_covered_display": "0"}, "missing_lines": [91, 92, 93, 94, 95, 96, 97, 98], "excluded_lines": [], "start_line": 84}, "get_integration_settings": {"executed_lines": [], "summary": {"covered_lines": 0, "num_statements": 8, "percent_covered": 0.0, "percent_covered_display": "0", "missing_lines": 8, "excluded_lines": 0, "percent_statements_covered": 0.0, "percent_statements_covered_display": "0"}, "missing_lines": [109, 110, 111, 112, 114, 124, 125, 126], "excluded_lines": [], "start_line": 102}, "update_ingestion_settings": {"executed_lines": [], "summary": {"covered_lines": 0, "num_statements": 8, "percent_covered": 0.0, "percent_covered_display": "0", "missing_lines": 8, "excluded_lines": 0, "percent_statements_covered": 0.0, "percent_statements_covered_display": "0"}, "missing_lines": [138, 139, 140, 142, 153, 161, 162, 163], "excluded_lines": [], "start_line": 130}, "trigger_document_sync": {"executed_lines": [], "summary": {"covered_lines": 0, "num_statements": 8, "percent_covered": 0.0, "percent_covered_display": "0", "missing_lines": 8, "excluded_lines": 0, "percent_statements_covered": 0.0, "percent_statements_covered_display": "0"}, "missing_lines": [176, 177, 178, 179, 181, 190, 191, 192], "excluded_lines": [], "start_line": 167}, "remove_integration_memory": {"executed_lines": [], "summary": {"covered_lines": 0, "num_statements": 8, "percent_covered": 0.0, "percent_covered_display": "0", "missing_lines": 8, "excluded_lines": 0, "percent_statements_covered": 0.0, "percent_statements_covered_display": "0"}, "missing_lines": [205, 206, 207, 208, 210, 216, 217, 218], "excluded_lines": [], "start_line": 196}, "list_ingested_documents": {"executed_lines": [230, 231, 232, 251, 252, 253], "summary": {"covered_lines": 6, "num_statements": 8, "percent_covered": 75.0, "percent_covered_display": "75", "missing_lines": 2, "excluded_lines": 0, "percent_statements_covered": 75.0, "percent_statements_covered_display": "75"}, "missing_lines": [233, 235], "excluded_lines": [], "start_line": 222}, "list_supported_integrations": {"executed_lines": [261], "summary": {"covered_lines": 1, "num_statements": 1, "percent_covered": 100.0, "percent_covered_display": "100", "missing_lines": 0, "excluded_lines": 0, "percent_statements_covered": 100.0, "percent_statements_covered_display": "100"}, "missing_lines": [], "excluded_lines": [], "start_line": 257}, "list_supported_file_types": {"executed_lines": [304, 305, 306, 307, 311, 316, 318], "summary": {"covered_lines": 7, "num_statements": 12, "percent_covered": 58.333333333333336, "percent_covered_display": "58", "missing_lines": 5, "excluded_lines": 0, "percent_statements_covered": 58.333333333333336, "percent_statements_covered_display": "58"}, "missing_lines": [308, 309, 312, 313, 314], "excluded_lines": [], "start_line": 298}, "get_ocr_status": {"executed_lines": [347, 354, 355, 356, 370, 371, 376, 378, 380, 385], "summary": {"covered_lines": 10, "num_statements": 22, "percent_covered": 45.45454545454545, "percent_covered_display": "45", "missing_lines": 12, "excluded_lines": 0, "percent_statements_covered": 45.45454545454545, "percent_statements_covered_display": "45"}, "missing_lines": [357, 358, 359, 364, 365, 366, 367, 377, 379, 381, 382, 383], "excluded_lines": [], "start_line": 342}, "parse_document_file": {"executed_lines": [397, 398, 399, 400, 402, 404, 405, 407, 425, 426, 427, 429, 439, 440, 441], "summary": {"covered_lines": 15, "num_statements": 16, "percent_covered": 93.75, "percent_covered_display": "94", "missing_lines": 1, "excluded_lines": 0, "percent_statements_covered": 93.75, "percent_statements_covered_display": "94"}, "missing_lines": [414], "excluded_lines": [], "start_line": 389}, "upload_document": {"executed_lines": [], "summary": {"covered_lines": 0, "num_statements": 32, "percent_covered": 0.0, "percent_covered_display": "0", "missing_lines": 32, "excluded_lines": 0, "percent_statements_covered": 0.0, "percent_statements_covered_display": "0"}, "missing_lines": [461, 462, 463, 464, 467, 468, 470, 471, 472, 473, 474, 475, 476, 479, 480, 482, 483, 485, 486, 489, 490, 493, 494, 496, 504, 505, 507, 516, 517, 518, 519, 520], "excluded_lines": [], "start_line": 453}, "": {"executed_lines": [6, 7, 8, 9, 10, 12, 13, 14, 16, 18, 23, 30, 31, 33, 36, 37, 38, 39, 40, 41, 42, 45, 54, 57, 61, 62, 63, 64, 65, 68, 77, 83, 84, 101, 102, 129, 130, 166, 167, 195, 196, 221, 222, 256, 257, 297, 298, 341, 342, 388, 389, 452, 453], "summary": {"covered_lines": 53, "num_statements": 53, "percent_covered": 100.0, "percent_covered_display": "100", "missing_lines": 0, "excluded_lines": 0, "percent_statements_covered": 100.0, "percent_statements_covered_display": "100"}, "missing_lines": [], "excluded_lines": [], "start_line": 1}}, "classes": {"ParseResultResponse": {"executed_lines": [], "summary": {"covered_lines": 0, "num_statements": 0, "percent_covered": 100.0, "percent_covered_display": "100", "missing_lines": 0, "excluded_lines": 0, "percent_statements_covered": 100.0, "percent_statements_covered_display": "100"}, "missing_lines": [], "excluded_lines": [], "start_line": 23}, "IngestionSettingsRequest": {"executed_lines": [], "summary": {"covered_lines": 0, "num_statements": 0, "percent_covered": 100.0, "percent_covered_display": "100", "missing_lines": 0, "excluded_lines": 0, "percent_statements_covered": 100.0, "percent_statements_covered_display": "100"}, "missing_lines": [], "excluded_lines": [], "start_line": 33}, "IngestionSettingsResponse": {"executed_lines": [], "summary": {"covered_lines": 0, "num_statements": 0, "percent_covered": 100.0, "percent_covered_display": "100", "missing_lines": 0, "excluded_lines": 0, "percent_statements_covered": 100.0, "percent_statements_covered_display": "100"}, "missing_lines": [], "excluded_lines": [], "start_line": 45}, "SyncResultResponse": {"executed_lines": [], "summary": {"covered_lines": 0, "num_statements": 0, "percent_covered": 100.0, "percent_covered_display": "100", "missing_lines": 0,