{"meta": {"format": 3, "version": "7.13.4", "timestamp": "2026-03-15T07:23:45.532312", "branch_coverage": false, "show_contexts": false}, "files": {"core/agent_governance_service.py": {"executed_lines": [1, 2, 3, 4, 5, 6, 8, 9, 10, 20, 22, 24, 25, 26, 28, 37, 42, 44, 52, 53, 56, 57, 58, 60, 61, 62, 64, 76, 77, 78, 80, 88, 89, 92, 94, 96, 100, 101, 108, 113, 114, 117, 118, 120, 122, 123, 124, 125, 128, 131, 132, 136, 150, 154, 155, 156, 157, 159, 161, 165, 166, 167, 169, 174, 175, 176, 179, 182, 183, 185, 186, 188, 190, 194, 196, 197, 198, 199, 200, 201, 203, 205, 206, 208, 209, 211, 212, 214, 220, 221, 223, 224, 228, 229, 232, 233, 235, 236, 237, 239, 241, 242, 243, 244, 249, 302, 309, 331, 332, 333, 334, 336, 337, 338, 340, 341, 342, 343, 351, 352, 354, 355, 356, 357, 359, 362, 363, 367, 370, 371, 372, 373, 374, 375, 378, 381, 388, 389, 391, 392, 394, 395, 397, 399, 401, 412, 413, 415, 417, 455, 461, 462, 463, 465, 472, 473, 475, 480, 493, 505, 507, 509, 518, 530, 539, 547, 558, 559, 560, 561, 563, 565, 566, 569, 576, 584, 585, 587, 588, 591, 592, 595, 596, 597, 605, 660, 671, 672, 676, 681, 684, 685, 687, 688, 691, 692, 694, 699, 706, 717, 718, 722, 727, 728, 730, 731, 734, 735, 737, 742, 749, 759, 760, 764, 769, 770, 774, 777, 778, 780, 782, 783, 787, 788, 790, 791, 794, 795, 797, 802], "summary": {"covered_lines": 230, "num_statements": 286, "percent_covered": 80.41958041958041, "percent_covered_display": "80", "missing_lines": 56, "excluded_lines": 0, "percent_statements_covered": 80.41958041958041, "percent_statements_covered_display": "80"}, "missing_lines": [225, 353, 422, 424, 425, 428, 435, 436, 439, 440, 442, 443, 444, 446, 453, 520, 567, 599, 618, 619, 622, 630, 631, 632, 635, 638, 639, 642, 645, 650, 651, 652, 653, 655, 656, 677, 678, 701, 702, 703, 704, 723, 724, 744, 745, 746, 747, 765, 766, 779, 781, 785, 804, 805, 806, 807], "excluded_lines": [], "functions": {"AgentGovernanceService.__init__": {"executed_lines": [26], "summary": {"covered_lines": 1, "num_statements": 1, "percent_covered": 100.0, "percent_covered_display": "100", "missing_lines": 0, "excluded_lines": 0, "percent_statements_covered": 100.0, "percent_statements_covered_display": "100"}, "missing_lines": [], "excluded_lines": [], "start_line": 25}, "AgentGovernanceService.register_or_update_agent": {"executed_lines": [37, 42, 44, 52, 53, 56, 57, 58, 60, 61, 62], "summary": {"covered_lines": 11, "num_statements": 11, "percent_covered": 100.0, "percent_covered_display": "100", "missing_lines": 0, "excluded_lines": 0, "percent_statements_covered": 100.0, "percent_statements_covered_display": "100"}, "missing_lines": [], "excluded_lines": [], "start_line": 28}, "AgentGovernanceService.submit_feedback": {"executed_lines": [76, 77, 78, 80, 88, 89, 92, 94], "summary": {"covered_lines": 8, "num_statements": 8, "percent_covered": 100.0, "percent_covered_display": "100", "missing_lines": 0, "excluded_lines": 0, "percent_statements_covered": 100.0, "percent_statements_covered_display": "100"}, "missing_lines": [], "excluded_lines": [], "start_line": 64}, "AgentGovernanceService._adjudicate_feedback": {"executed_lines": [100, 101, 108, 113, 114, 117, 118, 120, 122, 123, 124, 125, 128, 131, 132, 136, 150, 154, 155, 156, 157, 159], "summary": {"covered_lines": 22, "num_statements": 22, "percent_covered": 100.0, "percent_covered_display": "100", "missing_lines": 0, "excluded_lines": 0, "percent_statements_covered": 100.0, "percent_statements_covered_display": "100"}, "missing_lines": [], "excluded_lines": [], "start_line": 96}, "AgentGovernanceService.record_outcome": {"executed_lines": [165, 166, 167], "summary": {"covered_lines": 3, "num_statements": 3, "percent_covered": 100.0, "percent_covered_display": "100", "missing_lines": 0, "excluded_lines": 0, "percent_statements_covered": 100.0, "percent_statements_covered_display": "100"}, "missing_lines": [], "excluded_lines": [], "start_line": 161}, "AgentGovernanceService._update_confidence_score": {"executed_lines": [174, 175, 176, 179, 182, 183, 185, 186, 188, 190, 194, 196, 197, 198, 199, 200, 201, 203, 205, 206, 208, 209, 211, 212], "summary": {"covered_lines": 24, "num_statements": 24, "percent_covered": 100.0, "percent_covered_display": "100", "missing_lines": 0, "excluded_lines": 0, "percent_statements_covered": 100.0, "percent_statements_covered_display": "100"}, "missing_lines": [], "excluded_lines": [], "start_line": 169}, "AgentGovernanceService.promote_to_autonomous": {"executed_lines": [220, 221, 223, 224, 228, 229, 232, 233, 235, 236, 237], "summary": {"covered_lines": 11, "num_statements": 12, "percent_covered": 91.66666666666667, "percent_covered_display": "92", "missing_lines": 1, "excluded_lines": 0, "percent_statements_covered": 91.66666666666667, "percent_statements_covered_display": "92"}, "missing_lines": [225], "excluded_lines": [], "start_line": 214}, "AgentGovernanceService.list_agents": {"executed_lines": [241, 242, 243, 244], "summary": {"covered_lines": 4, "num_statements": 4, "percent_covered": 100.0, "percent_covered_display": "100", "missing_lines": 0, "excluded_lines": 0, "percent_statements_covered": 100.0, "percent_statements_covered_display": "100"}, "missing_lines": [], "excluded_lines": [], "start_line": 239}, "AgentGovernanceService.can_perform_action": {"executed_lines": [331, 332, 333, 334, 336, 337, 338, 340, 341, 342, 343, 351, 352, 354, 355, 356, 357, 359, 362, 363, 367, 370, 371, 372, 373, 374, 375, 378, 381, 388, 389, 391, 392, 394, 395, 397, 399, 401, 412, 413, 415], "summary": {"covered_lines": 41, "num_statements": 42, "percent_covered": 97.61904761904762, "percent_covered_display": "98", "missing_lines": 1, "excluded_lines": 0, "percent_statements_covered": 97.61904761904762, "percent_statements_covered_display": "98"}, "missing_lines": [353], "excluded_lines": [], "start_line": 309}, "AgentGovernanceService.enforce_action": {"executed_lines": [505, 507, 509, 518, 530], "summary": {"covered_lines": 5, "num_statements": 6, "percent_covered": 83.33333333333333, "percent_covered_display": "83", "missing_lines": 1, "excluded_lines": 0, "percent_statements_covered": 83.33333333333333, "percent_statements_covered_display": "83"}, "missing_lines": [520], "excluded_lines": [], "start_line": 493}, "AgentGovernanceService.get_agent_capabilities": {"executed_lines": [461, 462, 463, 465, 472, 473, 475, 480], "summary": {"covered_lines": 8, "num_statements": 8, "percent_covered": 100.0, "percent_covered_display": "100", "missing_lines": 0, "excluded_lines": 0, "percent_statements_covered": 100.0, "percent_statements_covered_display": "100"}, "missing_lines": [], "excluded_lines": [], "start_line": 455}, "AgentGovernanceService.request_approval": {"executed_lines": [547, 558, 559, 560, 561], "summary": {"covered_lines": 5, "num_statements": 5, "percent_covered": 100.0, "percent_covered_display": "100", "missing_lines": 0, "excluded_lines": 0, "percent_statements_covered": 100.0, "percent_statements_covered_display": "100"}, "missing_lines": [], "excluded_lines": [], "start_line": 539}, "AgentGovernanceService.get_approval_status": {"executed_lines": [565, 566, 569], "summary": {"covered_lines": 3, "num_statements": 4, "percent_covered": 75.0, "percent_covered_display": "75", "missing_lines": 1, "excluded_lines": 0, "percent_statements_covered": 75.0, "percent_statements_covered_display": "75"}, "missing_lines": [567], "excluded_lines": [], "start_line": 563}, "AgentGovernanceService.can_access_agent_data": {"executed_lines": [584, 585, 587, 588, 591, 592, 595, 596, 597], "summary": {"covered_lines": 9, "num_statements": 10, "percent_covered": 90.0, "percent_covered_display": "90", "missing_lines": 1, "excluded_lines": 0, "percent_statements_covered": 90.0, "percent_statements_covered_display": "90"}, "missing_lines": [599], "excluded_lines": [], "start_line": 576}, "AgentGovernanceService.validate_evolution_directive": {"executed_lines": [], "summary": {"covered_lines": 0, "num_statements": 17,